1011,5.9,30.3
1012,5.5,24.9
1013,12.6,28.7
1014,0.1,null
1015,9.5,31.1
1016,7.0,32.2
1017,7.8,38.2
1018,11.7,30.0
1019,9.0,40.9
1021,3.6,23.9
1022,0.9,29.9
1023,2.3,30.8
1024,5.5,27.4
1025,7.3,27.4
1026,0.2,47.1
1027,0.2,39.7
1028,0.2,46.3
1031,2.9,25.3
1032,2.6,24.4
1033,5.7,26.2
1034,6.0,28.1
1035,4.3,34.2
1036,0.4,40.9
1037,0.1,null
1041,0.0,null
1042,0.0,null
1043,0.0,null
1044,0.0,null
1045,0.1,null
1046,0.0,null
1047,0.0,null
1051,7.6,28.6
1052,7.2,28.2
1053,9.9,25.9
1054,10.1,33.3
1055,11.1,24.7
1056,11.4,24.9
1057,9.9,25.4
1058,8.8,31.6
1059,3.6,30.0
1060,3.9,41.2
1061,5.7,24.3
1062,4.0,29.0
1063,5.9,24.9
1064,7.5,26.5
1065,5.1,26.6
1066,7.8,35.0
1067,7.4,28.2
1068,8.2,26.3
1069,10.8,28.2
1071,6.8,51.3
1072,8.8,27.0
1073,8.3,26.3
1074,5.0,27.0
1075,5.7,42.4
1076,6.1,32.2
1077,4.7,58.3
1078,8.4,33.6
1079,8.5,28.6
1081,2.8,37.8
1082,5.5,34.0
1083,3.4,32.0
1086,1.5,41.9
1087,6.4,41.5
1091,9.0,27.3
1092,4.7,26.5
1093,4.7,25.1
1094,6.9,25.1
1095,5.7,23.7
1096,1.7,25.0
1097,7.5,26.4
1098,7.3,35.8
1099,0.0,null
1101,0.1,null
1102,11.8,21.9
1103,6.8,25.9
1104,6.2,24.0
1105,0.0,null
1106,8.4,28.0
1107,5.7,27.5
1108,1.7,28.3
1109,0.6,37.0
1111,6.5,31.9
1112,4.3,28.6
1113,1.5,40.0
1114,0.0,null
1115,2.3,35.9
1117,0.0,null
1118,0.0,null
1119,0.0,null
1121,3.9,40.9
1127,0.3,48.1
1131,4.2,32.8
1132,4.3,47.5
1135,3.0,37.5
1141,4.1,39.3
1145,0.1,null
1151,1.1,46.7
1153,0.1,63.4
1154,0.1,null
1156,0.8,38.0
1161,3.4,35.0
1165,1.0,38.0
1171,5.3,41.7
1175,0.4,40.6
1181,8.7,44.8
1182,1.7,44.7
1183,7.1,27.3
1184,0.2,54.7
1185,5.3,34.8
1186,6.4,35.6
1187,6.8,44.5
1188,3.3,39.3
1189,0.2,43.0
1191,3.4,47.9
1211,5.1,27.9
1212,1.8,26.2
1213,2.6,57.5
1214,3.4,33.4
1215,4.5,39.8
1216,4.3,33.2
1217,3.2,56.8
1218,1.8,37.5
1221,4.0,28.0
1222,5.4,30.2
1223,4.6,33.9
1231,3.6,41.7
1241,2.8,40.4
1243,0.6,39.2
1244,0.6,40.9
1251,4.6,50.6
1252,0.1,59.3
1261,4.1,50.5
1271,3.5,38.0
1272,2.5,57.0
1273,4.0,34.6
1274,3.0,34.3
1275,0.9,35.9
1276,3.0,34.6
1277,0.9,44.8
1309,0.0,null
1311,2.0,35.5
1312,2.9,37.3
1313,1.8,36.2
1314,2.8,27.5
1315,1.9,27.9
1316,1.7,40.5
1317,1.8,30.8
1318,3.5,36.6
1319,2.0,45.5
1321,3.5,38.8
1322,0.0,null
1323,2.7,33.9
1324,4.6,28.0
1325,4.4,36.3
1326,4.5,36.7
1328,3.8,36.8
1329,0.0,null
1331,0.1,null
1332,0.0,null
1333,5.2,32.4
1334,0.8,25.6
1335,4.6,36.5
1336,2.9,37.8
1338,4.0,34.9
1339,4.4,36.4
1341,0.0,null
1343,0.5,64.3
1349,0.1,null
1351,0.8,40.1
1352,0.7,33.9
1353,2.3,25.3
1354,1.4,24.9
1355,1.2,31.3
1356,1.2,32.7
1357,1.7,30.5
1358,0.2,79.7
1359,0.6,58.2
1361,0.1,null
1363,3.7,33.2
1381,2.3,38.4
1382,4.6,32.8
1383,1.6,38.1
1391,3.0,51.3
1393,0.6,45.1
1394,2.1,40.7
1396,0.6,50.5
1398,1.5,38.5
1399,1.2,47.6
1401,1.9,56.5
1402,4.0,40.1
1403,4.5,31.6
1404,1.8,34.4
1405,1.1,65.1
1406,1.4,55.8
1411,4.3,44.0
1412,2.9,56.6
1421,2.6,34.9
1422,5.6,36.1
1423,2.3,45.0
1424,1.6,42.2
1426,0.4,47.6
1427,0.4,40.4
1428,0.0,null
1431,5.2,38.5
1432,3.7,44.2
1433,3.6,40.8
1435,1.7,37.8
1436,0.2,37.8
1437,0.0,null
1438,0.1,null
1441,6.6,32.8
1442,3.4,28.6
1443,3.5,27.2
1444,3.3,32.6
1445,4.2,31.5
1446,2.2,34.4
1447,5.1,40.9
1448,6.6,40.2
1451,0.2,50.2
1452,0.8,41.7
1454,0.2,48.5
1456,0.7,43.6
1458,0.1,null
1461,1.2,42.2
1462,1.8,38.5
1463,0.2,50.2
1464,0.3,43.2
1471,0.3,45.4
1472,0.3,44.0
1473,0.3,42.6
1474,1.3,38.3
1475,0.2,42.3
1476,0.0,null
1477,0.1,null
1481,0.0,null
1482,0.1,null
1483,1.7,38.0
1484,0.3,39.2
1485,0.0,null
1486,0.3,40.0
1487,0.1,34.5
1488,0.1,null
1489,0.1,null
1501,3.0,29.4
1502,4.1,28.1
1503,4.9,28.9
1504,3.3,27.5
1505,2.8,27.9
1506,5.9,32.9
1507,5.0,37.1
1508,2.2,27.7
1509,3.0,34.5
1511,3.8,39.5
1521,5.3,29.1
1525,0.2,38.8
1531,5.4,36.0
1534,0.2,39.6
1536,0.1,46.7
1541,4.9,36.2
1544,3.8,34.3
1546,0.3,43.7
1551,1.9,40.2
1561,3.9,30.0
1562,3.9,37.7
1566,5.3,38.5
1567,3.2,41.7
1601,3.6,32.3
1602,4.6,32.6
1606,1.8,36.4
1607,0.6,38.0
1608,0.6,39.2
1609,0.0,null
1611,4.2,35.1
1613,3.8,34.1
1614,0.9,36.3
1616,3.2,36.0
1617,0.7,38.6
1619,2.7,35.4
1621,3.0,33.5
1622,3.6,29.6
1623,1.2,34.5
1624,2.4,31.8
1625,4.3,33.9
1627,0.0,null
1628,8.9,34.1
1631,0.2,39.1
1633,1.4,37.0
1634,0.2,36.1
1636,0.5,35.7
1641,0.4,34.2
1642,0.0,null
1643,0.2,42.5
1645,1.1,39.2
1646,0.0,null
1647,1.0,38.4
1648,1.2,35.3
1652,0.2,39.9
1654,0.3,41.0
1655,0.4,35.8
1657,0.9,36.0
1658,0.1,null
1661,0.2,43.0
1662,0.1,32.5
1663,0.0,null
1671,3.7,31.3
1674,0.8,35.0
1676,0.4,39.9
1678,0.4,39.7
1679,1.0,34.7
1681,0.1,null
1682,0.1,null
1683,0.1,null
1684,0.2,37.0
1685,0.2,41.2
1686,0.0,null
1687,2.1,39.8
1688,0.9,36.7
1689,6.5,34.4
1691,0.3,40.9
1692,0.0,null
1693,3.1,35.0
1695,1.9,39.6
1696,0.6,42.3
1697,0.4,39.3
1701,3.4,35.0
1702,3.5,33.9
1703,5.7,32.0
1704,2.8,38.7
1705,6.3,37.5
1706,0.1,null
1711,0.7,37.7
1713,2.3,36.9
1715,1.5,36.8
1716,0.9,36.9
1718,1.7,36.8
1719,0.2,38.0
1721,2.0,41.4
1722,2.5,38.6
1723,2.3,33.5
1724,1.6,37.0
1731,1.3,35.8
1732,0.3,35.7
1733,1.4,35.8
1734,0.2,43.7
1735,0.8,37.0
1736,0.1,47.8
1738,1.0,38.5
1741,5.4,32.9
1742,2.9,35.5
1744,0.8,38.1
1746,0.7,35.6
1747,1.5,36.5
1749,2.5,39.2
1751,0.8,38.5
1752,0.3,39.6
1753,0.3,31.8
1754,0.3,35.7
1755,0.7,34.5
1756,1.0,34.6
1757,0.3,35.7
1759,1.1,34.4
1761,3.4,34.4
1764,1.5,36.3
1766,1.0,35.3
1767,0.4,34.7
1768,0.4,37.3
1769,0.1,null
1771,2.6,34.6
1773,0.2,29.2
1774,0.8,37.7
1775,1.6,36.3
1777,2.3,32.8
1778,0.4,37.9
1779,1.0,34.8
1781,4.7,26.9
1782,5.2,29.5
1783,1.6,27.4
1784,4.2,28.9
1785,4.7,29.9
1786,0.1,null
1787,0.7,34.6
1788,5.1,36.9
1789,0.2,42.1
1791,3.3,30.6
1792,0.5,36.6
1793,0.2,37.4
1794,0.6,34.8
1795,0.5,33.4
1796,0.6,32.7
1797,0.4,34.7
1811,2.9,30.0
1812,0.1,33.6
1813,3.9,27.1
1814,4.4,31.6
1815,3.5,34.5
1816,4.4,29.0
1817,1.5,38.2
1821,0.6,29.2
1822,1.6,43.2
1823,3.1,33.0
1824,3.6,31.0
1825,4.5,29.5
1826,3.0,32.6
1827,4.7,34.7
1829,1.8,38.1
1831,1.1,34.4
1832,0.1,39.5
1834,2.4,38.2
1841,0.8,36.0
1842,0.2,43.0
1843,0.3,44.2
1844,0.1,null
1846,0.2,41.5
1847,0.1,null
1851,5.2,41.0
1852,4.5,39.4
1853,0.1,null
1861,3.0,46.1
1862,2.7,36.5
1865,0.2,41.5
1871,2.1,39.2
1873,0.7,38.0
1901,6.1,38.5
1902,3.8,41.6
1906,2.8,42.5
1911,5.5,39.2
1921,2.0,40.1
1931,2.3,33.1
1934,1.6,39.8
1935,1.1,37.1
1941,2.0,26.3
1942,1.0,40.8
1943,2.2,35.0
1944,3.3,31.0
1945,3.0,30.9
1946,2.0,27.9
1947,1.6,29.9
1948,1.9,43.8
1949,1.0,34.7
1951,2.4,28.9
1961,0.6,29.5
1962,3.5,29.9
1963,2.4,38.6
1964,3.2,35.0
1965,2.4,43.7
1966,2.5,28.0
1967,1.8,43.6
1968,0.1,46.4
1969,0.4,41.6
1971,4.0,31.6
1972,3.8,28.6
1973,2.6,30.1
1974,3.0,29.1
1975,1.3,26.2
1976,0.2,28.6
1981,0.9,45.0
1985,1.2,49.4
1991,5.3,40.7
1992,0.8,41.8
2011,7.9,31.9
2012,5.9,44.5
2013,4.0,34.9
2014,3.3,37.9
2015,2.5,41.3
2019,0.1,null
2021,4.8,28.4
2022,3.7,33.7
2023,5.2,42.6
2024,3.9,39.0
2025,4.6,31.7
2026,2.4,34.4
2031,0.7,39.1
2032,4.0,28.8
2033,5.7,28.3
2034,5.0,28.1
2035,2.8,28.0
2036,3.7,32.5
2037,3.8,27.6
2041,3.7,30.7
2042,4.0,33.7
2051,1.6,60.2
2061,2.8,54.3
2063,0.3,37.1
2064,1.1,41.4
2065,0.1,41.3
2071,3.0,40.4
2082,1.4,50.2
2101,3.5,43.1
2102,2.0,59.3
2103,1.4,44.8
2104,1.6,41.1
2105,1.8,40.9
2106,1.2,56.4
2111,1.8,73.4
2114,1.0,39.8
2116,0.4,54.5
2121,2.2,44.7
2131,4.5,39.3
2132,5.4,33.4
2133,3.4,38.0
2134,10.9,40.5
2135,5.9,40.6
2136,0.7,42.0
2141,1.9,44.5
2142,0.4,41.1
2143,0.1,null
2144,0.4,40.9
2151,6.0,41.4
2152,4.5,43.0
2153,1.4,34.3
2154,0.1,40.8
2155,0.0,null
2156,0.2,41.8
2157,0.5,37.1
2158,0.2,35.8
2159,0.2,44.6
2161,5.4,35.6
2162,3.1,38.0
2163,1.3,37.7
2165,1.3,41.7
2171,4.3,39.2
2172,2.4,37.6
2181,4.0,35.6
2182,5.1,37.1
2191,0.8,36.3
2201,5.5,38.2
2202,3.8,39.1
2203,1.7,35.6
2204,0.3,35.9
2211,5.9,36.4
2215,5.6,44.6
2221,5.6,33.8
2222,0.0,null
2223,2.4,37.3
2224,3.8,34.5
2225,5.3,36.9
2231,5.6,39.3
2235,1.8,41.3
2241,4.4,37.2
2242,3.8,48.4
2243,1.2,97.3
2244,0.7,98.2
2245,0.9,46.3
2251,4.8,40.8
2252,2.1,45.8
2253,3.5,41.5
2254,0.3,50.5
2261,2.3,40.8
2262,1.8,25.8
2263,2.7,27.6
2264,3.7,40.6
2265,2.0,41.1
2266,2.7,35.5
2267,0.2,72.1
2271,3.0,50.5
2272,3.7,42.1
2273,5.4,28.9
2274,5.7,33.5
2275,1.8,49.9
2281,1.9,44.2
2282,5.2,31.3
2283,3.0,29.6
2284,2.7,26.9
2285,3.6,36.7
2286,3.8,32.4
2287,2.1,28.2
2288,0.5,38.9
2289,0.7,42.3
2291,5.1,36.2
2292,1.1,43.5
2295,1.5,37.8
2311,6.9,23.6
2312,9.3,21.2
2313,5.8,38.0
2314,2.7,40.9
2315,4.2,25.6
2316,4.6,27.4
2317,4.8,36.3
2318,1.3,46.6
2321,4.7,27.1
2322,0.1,18.7
2323,0.1,null
2324,5.3,26.4
2331,4.7,37.9
2332,4.9,30.8
2333,1.5,21.2
2334,1.0,42.8
2341,4.1,49.9
2342,0.7,42.8
2343,5.1,41.9
2351,2.1,45.0
2352,3.9,33.8
2353,5.8,40.0
2355,0.7,39.2
2361,2.1,43.2
2362,0.1,null
2371,3.1,38.7
2374,0.3,44.5
2375,0.6,39.4
2376,0.3,42.1
2377,1.6,39.2
2381,2.1,41.5
2382,1.0,40.7
2391,2.2,41.1
2394,2.3,37.3
2396,1.7,40.2
2401,4.1,37.1
2402,6.1,33.0
2403,4.4,35.1
2404,2.2,28.8
2405,3.3,36.3
2406,3.8,35.2
2407,0.3,40.8
2408,5.9,44.5
2409,0.0,null
2411,7.0,38.7
2412,0.1,null
2415,0.7,45.8
2421,3.5,40.1
2431,0.7,39.9
2432,0.1,null
2435,1.2,38.8
2441,1.3,39.8
2445,0.5,43.4
2451,1.9,39.5
2461,3.6,39.7
2465,0.5,43.8
2471,0.6,41.8
2481,1.4,41.1
2491,0.1,55.1
2492,4.4,44.2
2493,2.6,43.3
2495,0.1,null
2496,3.9,43.4
2497,3.7,39.8
2498,1.8,48.0
2511,2.3,27.2
2512,7.3,23.7
2513,4.1,28.6
2514,1.9,42.0
2515,5.7,23.0
2516,4.3,20.1
2517,4.4,40.1
2518,5.6,30.1
2521,4.1,21.0
2522,5.8,23.4
2523,2.4,24.9
2524,2.9,25.4
2525,6.1,23.7
2526,5.3,22.5
2531,4.3,22.5
2532,2.8,20.6
2533,3.7,21.7
2541,4.1,21.9
2542,4.4,25.0
2543,3.0,25.1
2544,5.3,23.8
2545,5.4,27.2
2546,2.8,29.1
2547,3.8,27.6
2548,7.4,41.3
2551,5.5,29.4
2552,6.9,33.2
2553,3.7,34.1
2554,0.8,46.3
2555,5.1,31.0
2561,2.7,30.5
2562,5.8,24.3
2563,5.3,28.2
2564,5.1,37.5
2565,5.9,34.3
2566,2.7,53.6
2571,4.6,22.7
2572,3.6,24.6
2573,4.5,25.0
2574,3.4,26.5
2581,1.4,37.7
2582,3.8,48.9
2583,5.2,28.1
2584,3.3,30.8
2585,3.2,50.7
2586,4.0,31.7
2587,3.7,38.8
2591,3.7,26.1
2592,3.8,25.5
2593,4.8,31.8
2594,0.8,51.5
2595,3.7,33.8
2596,3.0,58.2
2597,3.8,51.9
2611,7.4,26.0
2612,5.0,26.1
2613,7.4,25.9
2614,4.7,36.2
2616,0.0,null
2622,3.7,34.8
2623,3.0,31.2
2624,6.4,23.4
2625,6.8,25.8
2626,0.0,null
2627,0.6,37.2
2628,6.1,22.3
2629,0.1,26.7
2631,5.4,45.3
2632,1.3,41.5
2635,3.0,42.2
2636,1.7,42.4
2641,5.3,37.8
2642,2.8,47.4
2643,1.0,33.8
2645,3.5,44.2
2651,7.0,42.8
2652,3.6,46.2
2661,5.0,46.2
2662,1.6,42.2
2665,4.4,42.7
2671,5.8,35.0
2672,1.7,41.7
2673,0.8,46.4
2675,3.0,37.0
2676,1.9,33.4
2678,4.7,38.8
2681,5.7,37.0
2684,0.2,30.8
2685,2.6,34.4
2691,5.9,35.2
2692,1.3,39.6
2693,0.4,41.9
2694,1.1,42.9
2711,2.3,29.6
2712,2.5,32.1
2713,3.2,30.5
2715,2.7,27.8
2716,4.5,32.8
2717,3.4,30.8
2718,3.7,39.4
2719,4.9,43.9
2721,3.8,41.1
2722,3.0,25.6
2723,1.7,34.0
2724,3.2,35.2
2725,2.6,43.0
2726,2.8,35.8
2727,2.2,35.8
2728,3.6,41.3
2729,3.9,40.4
2731,1.3,39.9
2735,0.0,null
2741,4.4,35.8
2742,3.4,35.7
2743,2.7,43.4
2751,1.2,41.9
2752,0.2,39.4
2761,2.7,39.8
2771,6.3,37.3
2801,4.0,31.6
2802,4.2,28.4
2803,4.2,36.7
2804,5.4,36.4
2805,4.5,34.5
2806,4.3,32.4
2807,4.2,39.4
2808,0.2,43.8
2809,0.0,null
2811,4.1,44.4
2821,1.9,40.0
2825,0.6,47.5
2831,1.0,37.4
2841,3.3,38.3
2851,1.7,38.5
2855,0.2,43.1
2861,2.7,39.0
2865,0.7,35.8
2871,5.2,34.8
2901,3.8,44.7
2902,3.8,33.5
2903,4.1,29.0
2904,3.5,38.8
2905,3.1,28.7
2906,2.6,31.8
2907,6.6,32.0
2908,1.5,34.5
2909,1.0,44.3
2911,2.5,46.2
2912,2.9,38.6
2913,0.2,42.5
2914,3.4,39.1
2921,0.8,42.5
2922,2.9,33.1
2923,2.6,35.0
2924,1.7,40.4
2925,2.8,39.9
2926,1.0,44.0
2931,2.8,36.2
2935,2.2,39.4
2941,3.2,38.1
2951,4.2,34.3
2952,0.3,48.9
2953,2.4,33.7
2954,1.0,43.8
2957,3.1,37.6
2959,0.9,42.1
2961,0.3,38.4
2964,1.6,40.1
2965,0.6,34.5
2967,0.6,39.9
2968,0.0,null
2969,0.8,44.7
2971,1.0,41.0
2973,0.4,43.3
2974,0.5,42.1
2975,0.3,48.0
2977,0.3,44.9
2981,1.5,31.1
2982,3.1,27.6
2983,3.9,35.3
2984,1.2,42.7
2985,2.1,33.2
2986,3.5,37.6
2987,3.6,32.1
2988,1.2,44.3
2989,0.3,40.8
2991,5.0,40.6
2992,5.5,41.7
2993,5.5,43.3
2994,2.3,43.5
2995,1.6,39.3
3011,8.8,31.0
3012,3.0,27.2
3013,0.6,32.7
3014,3.8,21.5
3015,1.5,26.5
3016,0.9,39.8
3021,6.2,24.8
3022,4.7,23.8
3023,4.5,25.0
3024,4.8,25.7
3025,3.3,23.0
3026,3.4,21.3
3027,4.5,24.9
3028,4.1,22.8
3029,1.5,23.2
3031,4.5,23.9
3032,3.4,25.4
3033,2.5,26.0
3034,5.5,22.1
3035,3.5,22.1
3036,3.7,23.1
3037,3.8,28.5
3038,4.8,24.2
3039,5.6,32.4
3041,0.0,null
3042,3.9,25.5
3043,3.3,33.0
3044,0.1,null
3045,0.6,47.9
3046,0.1,41.6
3047,0.0,null
3051,3.7,36.4
3052,2.7,28.4
3053,4.9,32.4
3054,3.7,42.3
3055,3.2,56.1
3056,1.3,47.5
3059,4.3,47.1
3061,8.2,25.3
3062,3.6,48.0
3063,5.1,26.8
3064,0.7,34.2
3065,3.5,48.9
3066,5.2,32.5
3067,10.8,27.8
3068,10.2,30.1
3069,9.5,31.5
3071,9.0,28.6
3072,6.8,25.9
3073,6.3,22.4
3074,5.0,23.4
3075,6.5,24.7
3076,6.6,25.8
3077,7.5,31.2
3078,5.7,26.3
3079,7.6,27.6
3081,5.8,21.8
3082,5.4,24.8
3083,6.9,23.3
3084,1.0,25.0
3085,6.1,24.9
3086,5.4,24.8
3087,0.9,26.4
3088,0.0,null
3089,0.7,27.8
3111,2.4,31.5
3112,5.5,25.4
3113,0.0,null
3114,2.9,27.7
3115,0.0,null
3116,1.3,44.6
3117,4.0,29.4
3118,2.2,25.9
3119,4.4,26.7
3121,1.4,37.8
3122,4.5,25.9
3123,3.3,35.2
3124,3.1,46.5
3125,0.1,35.7
3131,7.4,29.1
3132,5.9,27.8
3133,0.6,24.6
3134,3.2,32.7
3135,5.1,34.1
3136,5.0,29.7
3137,6.0,37.0
3138,0.0,null
3141,3.2,29.8
3142,2.5,32.9
3143,1.1,35.4
3144,2.8,32.4
3145,2.6,35.5
3146,2.0,42.4
3147,0.0,null
3151,4.6,35.0
3155,2.6,43.4
3161,3.6,41.6
3162,2.7,44.6
3171,2.4,41.9
3172,0.3,43.7
3176,1.0,48.6
3181,5.6,34.2
3191,4.3,34.5
3192,5.8,28.7
3193,2.8,30.0
3194,2.6,32.7
3195,2.1,33.3
3197,0.0,null
3198,0.0,null
3201,6.2,30.9
3202,3.6,29.1
3203,1.7,30.1
3204,3.5,31.7
3205,3.4,36.7
3206,4.5,31.4
3207,6.5,41.6
3208,2.8,34.2
3209,0.6,42.1
3211,0.8,38.9
3212,0.2,38.3
3214,2.2,40.4
3216,0.5,40.3
3218,1.0,40.1
3221,2.4,35.4
3222,1.8,33.3
3223,5.5,43.2
3224,3.7,33.7
3225,3.6,32.8
3227,0.5,37.9
3231,1.6,38.4
3232,4.0,38.6
3233,3.3,44.5
3234,0.2,41.7
3235,2.8,41.2
3237,0.7,40.7
3238,0.8,40.8
3241,2.8,35.9
3243,0.6,37.3
3244,1.0,35.1
3245,3.0,36.6
3247,2.1,37.6
3248,0.9,37.5
3249,0.5,35.0
3251,1.5,36.2
3252,0.9,45.3
3253,2.2,40.0
3255,2.0,35.6
3256,0.5,35.2
3257,1.1,34.9
3258,0.7,36.4
3261,4.0,39.4
3262,3.8,37.5
3263,1.9,42.9
3264,1.4,41.6
3265,0.6,39.5
3267,0.8,38.2
3271,1.8,47.1
3273,0.9,39.8
3274,1.5,38.9
3281,3.7,39.3
3284,1.5,38.3
3286,1.7,39.5
3291,3.3,38.4
3292,0.2,36.1
3293,0.2,34.0
3295,3.7,36.7
3297,2.9,36.6
3299,1.4,42.9
3311,8.4,31.0
3312,5.1,31.9
3313,2.7,26.6
3314,7.2,27.6
3315,7.7,39.0
3316,0.3,39.6
3317,7.5,25.9
3318,2.9,27.8
3319,4.2,40.3
3328,7.0,35.7
3329,0.8,59.7
3331,4.9,31.5
3332,4.5,34.5
3333,3.3,29.5
3334,2.8,34.4
3335,2.6,43.0
3336,0.0,null
3341,2.9,35.6
3342,2.4,39.2
3343,2.7,40.0
3344,3.2,43.2
3351,4.0,35.1
3352,1.4,40.2
3353,2.9,30.2
3354,1.1,37.5
3355,2.4,40.5
3356,1.9,42.5
3361,2.5,37.9
3362,5.0,31.9
3363,2.4,35.9
3364,0.1,null
3366,0.3,43.5
3371,4.7,37.4
3372,1.8,36.8
3373,0.4,42.3
3381,1.8,44.1
3401,5.2,39.2
3402,4.2,34.0
3403,0.8,47.5
3404,3.9,42.2
3405,1.2,43.2
3411,3.1,39.0
3412,0.4,39.7
3413,0.1,40.1
3415,0.4,40.2
3417,4.0,40.7
3421,3.3,38.4
3425,0.3,53.7
3431,4.0,29.1
3432,2.7,30.6
3433,1.6,36.1
3434,3.6,35.3
3435,2.7,36.4
3436,2.7,36.5
3437,6.0,37.0
3438,4.1,36.8
3439,0.1,34.3
3441,1.2,31.6
3442,1.8,34.2
3443,3.2,34.8
3444,0.1,51.8
3445,1.6,42.7
3446,3.2,46.5
3447,0.0,null
3448,3.8,39.0
3449,0.3,38.4
3451,4.2,41.4
3452,4.8,45.5
3453,3.4,42.5
3454,4.7,42.0
3455,0.2,45.0
3461,1.4,42.9
3464,0.1,46.6
3465,0.7,41.7
3466,0.6,40.5
3467,0.3,45.8
3471,1.5,42.7
3474,0.9,40.5
3481,3.2,41.8
3511,5.8,29.5
3512,5.5,27.5
3513,3.5,24.1
3514,4.3,30.9
3515,2.9,29.6
3521,3.1,34.6
3522,4.5,31.2
3523,5.0,29.6
3524,6.4,27.0
3525,2.5,30.9
3526,5.3,23.2
3527,5.5,23.3
3528,0.0,null
3531,6.6,25.6
3532,4.0,26.3
3533,3.5,41.0
3534,0.6,31.3
3541,0.4,37.1
3542,0.1,null
3543,3.3,42.3
3544,7.2,41.4
3545,0.1,null
3546,0.1,null
3551,4.4,23.0
3552,3.8,25.5
3553,4.4,24.0
3554,3.6,26.8
3555,4.2,27.2
3561,4.3,23.7
3562,3.6,22.8
3563,3.0,25.3
3564,4.6,24.7
3565,0.0,null
3566,0.1,39.0
3571,4.8,36.7
3572,6.7,31.7
3573,1.5,41.7
3581,5.8,32.5
3582,5.7,23.1
3583,3.2,39.4
3584,4.1,17.6
3585,0.1,null
3601,3.2,36.1
3602,1.4,53.1
3603,1.0,51.9
3604,1.0,49.3
3605,2.7,29.4
3606,0.0,null
3607,5.4,40.0
3608,1.4,36.3
3611,0.2,56.0
3612,0.8,39.6
3615,0.5,44.1
3621,4.7,39.2
3625,0.1,null
3626,0.2,44.6
3628,1.3,41.5
3631,0.2,51.3
3632,1.8,46.3
3633,0.8,46.5
3634,0.2,49.5
3641,5.0,36.8
3642,1.3,42.0
3643,0.6,46.8
3645,3.6,40.8
3646,0.3,44.9
3648,2.6,42.1
3651,0.0,null
3652,0.2,45.9
3653,0.0,null
3701,3.1,35.1
3702,1.6,36.3
3703,2.6,41.6
3704,3.8,35.7
3705,4.4,32.0
3706,2.7,27.7
3707,2.2,56.6
3708,2.7,38.4
3709,0.2,37.0
3711,0.6,41.0
3712,0.8,41.8
3721,3.6,35.8
3722,2.0,46.1
3723,4.0,55.3
3731,2.7,39.9
3732,2.2,33.9
3734,1.6,44.0
3735,0.6,80.6
3737,0.8,44.9
3738,2.1,37.3
3739,0.7,45.3
3741,4.0,35.8
3742,4.3,35.5
3743,2.2,49.1
3744,0.2,49.7
3749,0.1,37.4
3751,2.7,37.6
3752,4.7,38.1
3754,0.3,44.7
3755,3.6,40.7
3761,2.3,44.3
3762,3.7,35.1
3763,0.9,45.2
3764,2.4,35.2
3765,2.3,31.4
3766,3.1,39.3
3768,2.4,47.9
3769,2.7,36.0
3771,4.4,35.8
3772,6.0,35.1
3773,1.3,39.3
3774,1.6,40.6
3775,0.1,40.2
3776,0.5,42.2
3781,3.9,37.8
3784,0.5,39.8
3785,0.5,39.4
3791,0.9,41.6
3792,0.1,null
3794,0.2,42.0
3811,4.0,29.0
3812,5.7,29.4
3813,6.9,33.0
3814,2.8,28.4
3815,4.6,29.6
3816,5.3,29.5
3817,5.3,38.3
3818,4.3,46.8
3819,0.1,null
3821,0.1,null
3822,3.3,38.4
3823,4.7,40.5
3824,5.6,43.1
3825,4.0,45.1
3826,2.1,39.4
3828,4.3,40.9
3829,1.6,42.8
3831,5.5,39.5
3832,1.8,46.6
3833,2.9,40.0
3834,0.9,40.3
3835,0.1,43.0
3836,0.0,null
3841,2.9,31.6
3842,2.8,30.7
3843,2.7,32.0
3844,4.1,33.9
3845,3.4,39.9
3846,0.0,null
3847,0.2,38.7
3848,1.6,38.7
3849,1.1,40.2
3851,4.7,35.5
3852,2.2,41.1
3853,3.7,36.8
3861,3.3,32.4
3862,5.1,36.7
3863,2.9,39.2
3864,1.3,36.7
3871,3.6,41.7
3881,4.6,37.9
3882,4.7,36.9
3886,0.8,39.5
3888,0.9,41.4
3891,2.2,33.9
3892,2.2,38.8
3893,2.4,41.0
3894,0.9,37.2
3896,0.2,42.3
3897,0.4,42.6
3898,0.1,null
3899,0.0,null
3901,4.7,26.3
3902,4.0,35.5
3903,2.7,38.6
3904,5.4,37.3
3905,5.7,33.2
3906,2.7,42.7
3907,0.6,37.0
3911,5.7,36.0
3912,0.2,39.5
3921,1.6,37.6
3922,0.1,47.3
3925,3.6,36.7
3927,1.8,39.2
3931,4.7,38.9
3941,4.3,41.8
3945,1.3,38.9
3947,0.8,44.0
3951,2.0,43.5
3953,0.5,44.9
3956,3.1,38.8
3958,2.2,38.4
3959,0.5,40.8
3961,3.9,37.4
3962,3.5,40.8
3971,3.5,42.8
3972,4.5,38.6
3981,3.0,42.2
3984,2.3,42.4
3985,0.9,42.8
3989,0.0,null
3991,6.6,44.6
3992,2.6,43.8
3993,2.1,37.1
3994,4.9,46.7
3995,1.5,28.5
3997,0.2,38.5
3998,0.8,42.2
3999,0.3,42.6
4001,5.1,28.1
4002,1.0,39.9
4003,3.4,35.8
4004,0.0,null
4005,2.3,31.8
4006,1.7,26.8
4007,3.3,41.8
4011,0.6,39.2
4012,0.6,40.6
4013,0.3,40.3
4014,0.4,40.2
4016,0.1,null
4017,0.0,null
4021,1.7,35.9
4023,0.3,42.0
4024,0.7,37.2
4031,0.9,37.6
4032,0.3,44.3
4033,2.2,37.4
4041,1.8,37.6
4043,2.0,37.5
4051,1.8,35.2
4053,0.4,38.4
4054,0.4,39.2
4061,0.7,42.1
4062,0.1,null
4063,0.2,39.6
4064,0.4,39.9
4101,3.3,35.2
4102,3.5,32.4
4103,0.6,36.4
4104,0.0,null
4105,3.9,40.4
4106,0.0,null
4107,0.1,39.4
4111,0.3,41.6
4112,1.2,43.0
4115,0.2,40.5
4116,1.1,39.5
4117,0.2,44.0
4119,0.2,44.0
4121,0.5,41.0
4122,0.3,44.4
4124,0.6,43.4
4126,0.4,40.8
4128,1.1,38.9
4131,1.9,29.8
4132,2.0,38.3
4133,2.8,39.7
4141,2.3,34.6
4142,2.5,28.3
4143,2.5,39.7
4145,0.6,40.3
4147,1.2,38.6
4151,0.2,44.8
4152,0.3,40.8
4153,1.4,39.2
4155,0.1,42.9
4156,0.4,44.5
4157,0.2,43.1
4158,0.8,43.0
4161,0.9,38.6
4163,0.1,null
4171,1.0,40.4
4174,0.4,39.2
4175,1.0,37.9
4176,0.3,43.5
4181,0.8,37.0
4182,0.2,56.0
4184,0.5,39.8
4185,0.2,44.6
4191,4.3,37.9
4194,1.4,42.5
4196,0.8,39.8
4197,0.4,38.9
4201,2.9,32.1
4202,0.0,null
4203,0.1,null
4204,2.8,25.2
4205,4.1,32.4
4206,1.1,30.0
4207,3.9,44.4
4208,0.2,47.5
4209,0.5,44.4
4211,0.3,41.9
4212,0.0,null
4213,0.3,44.2
4214,0.8,37.9
4221,0.6,39.9
4223,0.7,43.5
4225,0.7,44.1
4231,1.5,39.1
4233,1.2,36.3
4235,0.3,44.5
4241,1.4,35.5
4243,0.4,39.6
4245,0.5,43.5
4247,0.3,42.1
4251,4.2,37.4
4254,2.1,42.2
4255,1.4,36.3
4261,2.2,38.9
4264,0.9,37.4
4265,0.7,38.2
4266,0.3,38.3
4267,0.2,38.9
4268,0.3,38.8
4269,0.2,42.2
4271,1.0,38.2
4273,1.6,37.3
4281,0.9,39.1
4283,0.6,37.3
4284,0.7,38.2
4285,1.9,38.6
4286,1.4,40.7
4287,0.1,null
4288,0.1,41.6
4301,4.3,31.3
4302,0.4,39.0
4303,0.3,43.4
4305,0.3,38.1
4306,1.1,36.3
4307,0.9,34.4
4308,0.1,31.0
4311,1.6,38.2
4315,0.4,35.1
4316,0.3,34.8
4317,0.3,41.7
4318,0.7,30.9
4321,0.4,36.4
4322,0.6,34.9
4323,0.2,38.1
4325,0.8,34.6
4326,0.1,36.4
4327,0.1,31.6
4328,2.0,38.8
4331,3.7,30.0
4332,2.0,32.9
4333,2.3,37.6
4334,1.4,34.2
4335,3.3,28.5
4336,3.1,33.7
4337,3.6,31.1
4338,0.0,null
4339,0.6,33.5
4341,2.0,36.9
4351,0.7,39.3
4352,0.2,39.1
4353,0.7,36.8
4354,0.5,33.6
4356,1.1,37.0
4357,0.7,33.6
4361,1.2,34.1
4363,0.5,36.9
4364,0.6,37.2
4365,0.5,35.9
4371,1.5,37.9
4373,0.4,37.3
4374,0.7,37.6
4381,4.4,24.1
4382,4.4,25.6
4383,1.5,27.0
4384,2.6,34.8
4385,2.4,32.9
4386,1.5,39.7
4387,0.2,41.5
4388,4.5,31.1
4389,0.2,38.6
4401,2.7,35.7
4411,1.3,33.2
4413,1.6,35.1
4414,0.4,38.9
4415,0.2,40.6
4416,1.6,34.9
4417,0.8,29.4
4421,3.4,38.9
4423,0.2,36.6
4424,1.3,35.7
4431,1.7,36.5
4433,0.3,36.5
4434,0.4,37.0
4435,0.3,37.7
4436,0.3,36.9
4437,0.2,32.2
4438,0.2,38.6
4441,0.5,36.1
4443,0.3,43.1
4444,0.2,41.8
4451,2.3,36.7
4453,0.9,34.9
4454,0.5,32.9
4455,0.5,34.3
4456,0.7,36.0
4458,0.7,38.3
4461,5.8,29.1
4462,3.0,32.5
4463,2.9,30.6
4464,0.7,45.2
4465,0.4,64.1
4471,1.0,35.8
4472,0.5,40.1
4474,0.2,40.5
4475,0.3,37.6
4481,1.3,40.3
4482,0.0,null
4484,0.9,34.7
4485,0.2,36.3
4486,0.7,31.4
4491,0.5,31.1
4493,1.0,33.9
4494,0.2,32.8
4501,2.2,31.9
4503,0.5,34.0
4504,0.2,36.8
4505,0.3,33.1
4506,0.4,33.5
4507,0.7,32.9
4508,0.2,40.1
4511,2.2,33.1
4513,0.4,34.5
4515,1.0,36.5
4521,0.7,37.5
4522,0.1,null
4524,1.1,32.6
4525,0.2,30.6
4527,1.1,32.6
4528,0.1,41.5
4529,0.4,33.2
4531,1.5,25.0
4532,3.5,31.0
4533,1.2,49.4
4535,2.0,40.3
4536,1.5,26.8
4537,1.8,30.4
4538,0.1,null
4539,0.1,null
4541,1.1,31.3
4542,1.3,34.7
4543,1.2,36.7
4551,1.9,29.6
4553,0.9,38.3
4554,0.9,34.4
4561,4.6,32.7
4562,0.4,48.2
4564,1.4,34.9
4565,0.2,36.1
4566,0.5,37.8
4567,1.0,33.1
4568,0.4,36.2
4569,0.4,35.1
4571,3.7,32.0
4574,0.4,37.7
4575,0.1,null
4576,1.1,35.6
4581,0.8,35.5
4583,0.2,33.4
4584,0.1,34.8
4585,0.3,35.3
4586,0.2,36.2
4587,1.4,33.8
4588,0.2,39.9
4589,0.1,39.0
4611,4.5,30.4
4612,0.1,null
4613,1.7,34.4
4614,3.1,36.2
4615,2.6,29.8
4616,0.2,36.0
4617,3.1,42.2
4621,2.2,24.6
4622,0.2,37.3
4623,1.8,30.0
4624,2.7,30.2
4625,1.4,32.8
4631,3.9,35.0
4634,0.6,37.4
4635,0.8,42.1
4641,2.2,36.6
4645,1.7,32.6
4651,5.3,34.4
4652,0.1,39.9
4655,0.3,39.4
4661,5.1,38.0
4664,0.8,35.1
4671,2.4,35.7
4675,1.1,34.5
4681,0.9,36.3
4691,3.0,35.7
4693,0.7,35.4
4694,0.7,33.5
4695,1.5,31.3
4696,0.6,33.5
4697,1.4,34.0
4698,1.1,36.1
4701,3.4,28.6
4702,6.0,29.9
4703,3.5,27.0
4704,0.1,null
4705,0.1,36.0
4706,4.6,39.5
4707,7.0,31.5
4708,4.9,41.5
4709,0.6,37.4
4711,3.9,33.0
4714,2.1,36.4
4715,1.9,38.0
4721,0.5,36.4
4722,0.1,null
4724,2.0,38.2
4725,0.5,39.6
4726,0.8,37.9
4727,0.2,42.0
4731,5.5,32.7
4735,0.9,35.7
4741,2.7,40.6
4744,1.0,38.7
4751,2.9,37.9
4754,0.5,34.8
4756,1.0,38.5
4758,0.9,38.1
4759,0.4,42.5
4761,5.8,36.2
4762,0.2,40.4
4765,0.7,37.1
4766,0.0,null
4771,0.2,42.6
4772,0.1,null
4781,0.3,33.8
4782,0.3,35.7
4791,2.4,35.5
4793,2.4,35.6
4794,0.4,40.4
4796,0.1,46.7
4797,1.3,39.7
4811,10.1,26.4
4812,5.5,25.4
4813,3.5,33.6
4814,5.3,28.4
4815,1.7,31.6
4816,2.3,24.3
4817,7.7,28.8
4818,4.1,40.9
4819,1.7,36.7
4822,3.5,33.8
4823,3.7,39.5
4824,4.0,34.8
4825,0.1,null
4826,4.3,26.5
4827,3.5,26.0
4834,5.5,34.5
4835,2.9,46.5
4836,0.2,53.0
4837,1.0,48.5
4838,0.4,49.7
4839,0.1,52.7
4841,4.6,41.9
4844,2.5,38.9
4845,0.9,39.9
4847,2.9,42.6
4849,1.0,39.9
4851,2.0,46.2
4854,3.1,45.4
4855,0.4,40.9
4856,0.1,48.4
4858,0.1,51.8
4859,0.0,null
4861,1.6,39.2
4871,6.4,37.8
4872,3.9,33.4
4873,2.6,36.5
4874,1.2,39.8
4875,0.8,33.8
4876,2.6,36.1
4877,0.0,null
4878,0.0,null
4879,0.1,null
4881,3.4,33.3
4882,0.9,44.9
4884,1.2,34.2
4885,0.7,36.4
4891,2.7,37.5
4901,5.1,31.8
4902,4.0,32.7
4903,0.1,31.0
4904,5.1,36.2
4905,0.3,36.1
4906,1.1,39.8
4907,4.4,37.0
4908,1.4,39.2
4909,0.5,45.8
4911,0.4,47.2
4921,5.0,36.4
4924,0.2,46.1
4926,1.7,39.6
4927,0.7,41.5
4931,3.1,34.1
4941,3.8,34.6
4942,1.5,40.7
4944,0.8,37.8
5011,5.3,26.2
5012,1.9,32.5
5013,0.4,23.6
5014,6.5,23.5
5015,0.3,39.1
5017,2.7,30.3
5018,1.5,33.1
5021,6.8,23.0
5022,3.6,25.0
5025,7.2,21.6
5026,0.1,null
5032,2.5,48.8
5035,2.5,37.8
5036,2.5,41.8
5037,4.9,29.6
5038,9.0,22.9
5041,4.9,24.2
5042,6.4,23.2
5043,3.9,33.6
5044,3.9,27.1
5045,6.8,41.2
5046,6.3,24.5
5047,0.1,null
5048,0.0,null
5049,3.1,26.1
5051,6.5,36.4
5052,1.5,39.3
5053,0.7,42.4
5056,4.3,43.2
5057,0.1,null
5059,0.1,44.4
5061,5.4,33.2
5062,2.3,51.0
5063,0.5,38.4
5066,2.4,40.9
5071,3.0,39.9
5074,0.4,45.1
5076,2.2,39.9
5081,3.5,38.6
5084,0.3,42.2
5085,0.5,41.6
5087,1.5,38.8
5089,0.3,43.3
5091,2.3,39.3
5094,0.7,41.0
5095,0.7,39.8
5096,0.3,41.4
5101,1.7,31.9
5102,2.2,34.1
5103,2.5,41.0
5104,2.7,32.6
5105,0.1,42.8
5106,0.4,42.8
5107,0.0,null
5109,1.0,40.3
5111,2.4,34.5
5113,0.4,38.1
5114,0.1,null
5121,5.4,33.9
5122,1.6,38.8
5124,0.5,37.8
5125,0.1,45.6
5126,3.1,36.4
5131,1.6,39.5
5133,1.0,41.6
5141,2.8,32.9
5142,4.4,29.6
5143,2.0,36.9
5144,3.8,34.8
5145,0.0,null
5146,1.2,38.7
5151,5.1,36.4
5152,2.4,39.4
5154,0.6,40.7
5161,3.9,35.6
5165,2.0,37.7
5171,5.8,34.7
5172,1.1,38.7
5175,2.6,38.0
5176,0.2,45.1
5211,8.0,29.9
5212,3.8,30.1
5213,3.9,27.6
5215,2.6,28.1
5216,3.7,32.3
5221,2.2,49.0
5222,0.1,null
5223,6.0,29.5
5224,3.8,29.6
5231,5.0,27.9
5232,0.3,59.0
5233,3.7,31.6
5234,0.0,null
5235,3.3,33.6
5236,2.3,45.7
5237,3.8,42.9
5241,2.7,38.3
5242,1.8,48.2
5243,1.1,36.8
5244,1.2,39.8
5245,1.0,43.0
5246,2.8,33.8
5247,2.9,44.0
5248,0.5,48.7
5249,0.1,45.3
5251,4.8,36.7
5252,0.9,37.7
5253,0.9,38.1
5254,0.7,41.9
5256,2.3,35.3
5258,3.9,40.1
5261,3.0,38.3
5262,5.7,37.0
5263,1.6,58.4
5264,0.1,null
5266,0.3,41.2
5268,1.8,42.5
5271,4.2,40.6
5272,0.7,36.9
5275,1.6,39.9
5281,3.2,33.0
5282,2.9,31.7
5283,4.9,37.5
5291,0.5,41.9
5292,0.1,null
5293,0.2,38.2
5294,0.1,null
5296,0.9,40.9
5298,1.9,40.4
5301,4.4,35.9
5302,0.6,41.3
5305,0.6,37.3
5306,1.1,38.7
5307,0.3,33.0
5308,0.8,35.4
5311,0.9,39.6
5313,0.3,39.8
5314,0.6,42.8
5315,0.2,44.1
5316,0.1,42.3
5317,0.5,40.2
5318,0.0,null
5321,2.0,38.2
5324,1.4,37.8
5325,0.4,39.5
5327,0.3,42.7
5328,1.1,37.9
5331,3.0,35.9
5333,0.1,39.5
5334,0.6,38.9
5335,0.2,40.4
5341,3.5,26.7
5342,3.0,34.7
5343,2.2,34.5
5344,3.7,29.4
5345,5.9,37.2
5346,2.8,38.0
5347,0.3,39.8
5348,4.2,28.6
5349,0.1,36.7
5351,3.7,38.7
5361,3.8,33.6
5363,0.4,39.9
5364,0.4,41.0
5366,0.6,37.6
5367,0.3,38.9
5368,0.3,40.3
5371,2.2,38.6
5373,1.1,38.2
5374,2.7,38.8
5375,0.7,38.3
5381,0.2,40.5
5382,0.6,36.2
5383,0.2,46.7
5384,5.0,38.3
5386,1.8,39.1
5388,2.3,38.0
5391,1.3,40.9
5392,0.3,41.9
5394,0.4,40.4
5395,0.1,null
5396,0.3,43.7
5397,1.2,37.8
5398,0.5,39.8
5401,4.3,28.8
5402,3.4,31.9
5403,3.8,36.6
5404,1.5,39.5
5405,0.1,null
5406,2.2,43.0
5408,1.4,36.2
5409,0.7,39.3
5411,2.5,37.8
5421,5.3,33.5
5422,1.3,37.4
5423,0.8,34.4
5424,0.4,37.4
5425,0.6,42.3
5427,3.1,36.7
5428,0.6,39.4
5431,5.1,29.9
5432,2.6,36.3
5433,0.2,43.6
5434,0.5,38.1
5435,0.2,42.4
5437,0.7,38.7
5438,0.5,37.6
5439,0.1,46.1
5441,0.9,38.6
5443,1.1,38.8
5445,0.3,41.4
5446,1.1,38.5
5447,0.6,40.2
5449,0.0,null
5451,2.5,34.8
5453,0.9,38.1
5454,0.6,36.9
5455,0.4,40.1
5461,2.1,31.7
5462,1.3,30.3
5463,2.9,34.4
5464,2.1,41.5
5465,0.6,40.6
5466,0.5,40.2
5467,3.1,39.2
5469,2.5,40.2
5471,0.0,null
5472,0.4,40.4
5473,3.0,39.1
5476,0.6,40.4
5481,4.1,36.1
5482,5.5,35.2
5491,4.2,39.6
5492,3.1,34.4
5501,2.3,31.2
5502,2.1,40.0
5503,2.8,31.6
5504,2.7,37.5
5505,1.6,31.4
5506,1.3,38.7
5507,0.7,49.9
5508,4.2,42.0
5509,1.4,41.3
5511,0.5,43.7
5512,0.8,42.2
5513,0.7,41.7
5521,4.2,37.5
5524,0.6,39.8
5525,0.6,41.5
5527,2.2,36.6
5528,0.9,37.0
5529,0.4,41.9
5531,4.2,36.1
5534,0.3,39.9
5541,3.4,36.7
5551,3.7,37.3
5552,3.0,30.3
5553,0.8,37.6
5554,4.3,33.6
5555,1.4,35.8
5556,0.5,43.6
5561,1.0,44.5
5563,0.8,38.4
5571,4.4,37.1
5575,1.2,35.8
5581,2.7,43.3
5582,2.2,42.6
5583,2.3,42.2
5591,4.0,40.2
5595,1.7,40.2
5611,6.9,29.0
5612,5.8,23.2
5613,2.9,31.9
5614,2.1,29.1
5615,3.9,30.1
5616,6.6,27.0
5617,0.5,22.2
5621,2.3,20.8
5622,4.0,26.1
5623,5.7,27.0
5624,2.7,32.6
5625,5.1,26.2
5626,1.6,45.3
5627,5.3,37.5
5628,4.5,30.3
5629,3.2,49.2
5631,2.6,40.1
5632,6.1,32.0
5633,0.0,null
5641,3.7,28.6
5642,3.6,25.4
5643,3.9,26.7
5644,3.9,35.0
5645,1.8,33.9
5646,1.0,41.5
5647,0.0,null
5651,1.3,27.1
5652,3.6,26.8
5653,3.4,29.6
5654,5.0,25.0
5655,1.8,36.8
5656,0.0,null
5657,0.1,null
5658,3.8,41.6
5661,0.4,49.0
5662,1.3,40.4
5663,2.5,42.6
5664,2.4,31.2
5665,2.7,27.9
5666,1.7,32.8
5667,1.8,33.8
5671,2.5,38.3
5672,3.0,40.3
5673,2.5,44.4
5674,1.7,41.8
5681,0.3,39.7
5682,1.4,41.1
5683,2.9,35.4
5684,4.4,34.6
5685,2.6,49.4
5688,4.8,39.1
5689,0.1,null
5691,4.5,43.4
5692,0.3,33.8
5694,2.0,36.9
5701,7.2,24.2
5702,5.1,27.9
5703,2.6,26.4
5704,3.7,32.7
5705,1.0,26.4
5706,5.5,37.4
5707,4.4,35.2
5708,3.7,44.6
5709,5.3,37.3
5711,3.3,33.9
5712,3.5,36.0
5715,0.8,40.0
5721,5.5,35.6
5724,0.4,36.9
5725,0.9,36.9
5731,4.3,37.6
5735,2.3,37.5
5737,1.7,39.9
5738,0.7,37.9
5741,4.2,34.3
5751,5.3,33.0
5752,0.7,44.6
5753,1.5,35.9
5754,2.5,36.9
5756,0.5,42.1
5757,1.3,36.5
5758,0.7,36.9
5759,0.4,37.3
5761,2.3,35.1
5763,0.8,38.7
5764,0.5,37.8
5766,0.2,36.7
5768,2.4,35.9
5801,5.1,32.2
5802,3.2,30.0
5803,3.2,35.9
5804,0.8,41.1
5807,0.8,37.9
5808,0.5,38.0
5809,0.9,37.6
5811,0.3,37.2
5812,0.2,42.7
5813,0.8,37.9
5814,0.2,39.3
5815,0.4,39.9
5816,0.1,null
5817,0.1,null
5821,1.0,38.6
5823,0.4,38.4
5824,0.2,40.7
5825,1.5,38.3
5826,0.2,41.2
5827,0.2,45.2
5831,5.3,34.6
5835,0.6,42.1
5836,0.6,40.4
5841,0.6,40.3
5843,0.2,39.2
5844,0.3,39.2
5845,1.7,37.8
5846,0.3,41.7
5851,0.9,34.2
5853,0.9,33.8
5854,2.3,33.7
5855,1.0,34.9
5856,0.5,35.8
5861,0.8,37.2
5862,0.2,39.9
5863,0.4,35.2
5864,0.8,36.4
5865,0.5,33.5
5866,0.5,37.7
5871,0.4,37.4
5872,0.3,36.9
5911,2.4,26.6
5912,4.3,30.2
5913,4.6,34.8
5914,3.8,26.9
5915,2.5,31.7
5916,1.0,41.4
5921,3.2,27.3
5922,2.4,27.7
5923,1.6,25.7
5924,1.5,30.8
5925,1.7,30.5
5926,1.1,43.2
5927,0.3,39.0
5928,0.3,33.3
5931,4.4,31.0
5932,2.5,29.3
5935,1.7,32.3
5941,2.2,36.1
5943,0.4,34.5
5944,1.1,34.6
5951,2.3,33.6
5953,4.7,32.4
5954,1.0,38.1
5961,5.4,34.9
5962,0.8,38.0
5963,0.7,38.7
5964,0.5,42.3
5966,0.8,38.2
5971,2.0,37.4
5973,0.8,37.6
5975,2.6,37.3
5976,0.4,37.9
5977,0.1,null
5981,3.2,33.5
5984,0.4,34.3
5985,0.6,37.1
5986,0.8,37.8
5987,0.4,41.1
5988,2.4,38.0
5991,2.7,37.0
5993,2.6,36.6
5995,1.8,35.4
6001,3.7,29.4
6002,2.7,36.5
6003,1.9,43.8
6004,4.1,31.6
6005,1.8,36.6
6006,5.1,33.4
6011,0.5,38.9
6012,0.2,39.0
6013,0.4,38.5
6014,0.7,36.5
6015,0.6,34.9
6017,1.1,34.5
6019,0.9,34.7
6021,3.9,35.4
6023,0.9,31.8
6024,0.6,34.0
6026,2.1,40.0
6027,0.7,40.3
6028,0.3,38.6
6029,0.5,41.4
6031,4.3,35.0
6034,0.6,40.4
6035,1.6,36.8
6037,0.5,35.6
6039,2.1,35.8
6041,5.9,32.2
6042,4.4,31.9
6043,5.4,27.7
6044,1.5,23.8
6045,2.5,29.0
6049,2.8,40.6
6051,3.1,34.3
6061,1.8,33.3
6063,1.0,31.8
6065,1.3,37.3
6067,1.6,34.9
6071,3.8,33.0
6074,1.6,36.8
6075,1.9,35.6
6077,1.4,34.5
6081,1.8,34.8
6082,0.4,38.3
6083,0.3,34.8
6085,1.6,38.5
6086,1.4,36.2
6088,1.8,36.8
6089,0.3,38.1
6091,0.3,35.2
6092,0.1,36.2
6093,2.8,35.5
6095,1.1,35.6
6096,0.7,37.4
6097,1.6,38.1
6099,0.8,36.8
6101,4.4,32.5
6102,2.0,34.9
6104,0.7,34.4
6105,0.6,37.7
6107,0.7,36.8
6109,0.4,37.7
6111,0.3,37.9
6112,0.3,40.3
6114,3.6,34.3
6116,0.6,35.3
6118,1.4,36.2
6121,2.5,36.5
6122,0.9,33.9
6123,0.5,34.3
6124,0.3,38.0
6125,0.8,35.6
6127,1.1,34.0
6129,2.5,34.3
6131,2.7,25.9
6132,2.4,40.5
6133,1.7,37.3
6134,1.1,26.2
6135,2.6,31.4
6136,3.3,29.6
6137,4.0,29.3
6141,1.1,39.3
6142,0.6,38.9
6143,0.5,33.6
6151,2.1,36.8
6153,0.0,null
6155,0.9,36.9
6161,2.2,26.7
6162,2.1,30.6
6163,3.6,27.8
6164,2.6,29.7
6165,2.3,31.0
6166,2.6,31.6
6167,0.0,null
6171,5.0,32.9
6174,0.3,43.7
6176,1.5,37.8
6181,3.7,35.8
6191,5.7,34.9
6199,0.0,null
6211,6.2,21.0
6212,2.0,44.4
6213,1.9,42.0
6214,2.6,21.4
6215,4.0,31.4
6216,3.3,27.4
6217,5.0,22.5
6218,3.5,26.9
6219,0.9,26.7
6221,5.4,25.4
6222,2.7,21.9
6223,1.3,31.4
6224,4.7,21.7
6225,2.7,37.4
6226,3.5,33.0
6227,3.7,28.4
6228,3.2,31.2
6229,3.1,29.6
6231,3.5,34.9
6235,1.2,37.8
6237,0.1,45.5
6241,2.4,42.2
6243,1.2,37.2
6245,3.6,38.0
6247,1.3,38.8
6251,0.2,42.4
6252,0.1,null
6255,0.5,39.4
6261,0.4,42.2
6262,0.4,36.0
6265,0.6,39.6
6267,1.5,39.0
6268,0.2,43.5
6269,1.6,37.7
6271,1.8,33.0
6273,0.1,null
6274,0.2,39.7
6276,0.1,null
6277,0.2,37.1
6278,0.0,null
6281,0.8,36.8
6285,0.5,35.9
6286,0.8,33.8
6287,0.7,38.0
6289,0.0,null
6291,3.6,27.9
6294,0.6,36.1
6295,0.4,31.5
6301,5.1,32.0
6305,0.7,35.5
6307,0.1,39.4
6311,0.3,38.8
6312,0.1,null
6321,1.1,34.4
6325,1.8,38.3
6333,1.3,40.6
6336,1.7,38.3
6341,0.0,null
6342,0.0,null
6343,1.4,38.8
6351,2.2,33.3
6353,0.0,null
6361,3.0,31.8
6363,0.7,39.3
6365,1.3,34.6
6367,3.6,36.1
6369,2.6,33.1
6371,3.0,29.8
6372,4.7,32.0
6373,4.2,31.7
6374,5.5,31.8
6411,4.8,24.5
6412,4.4,25.8
6413,5.6,26.1
6414,3.8,25.6
6415,3.2,25.3
6416,2.5,32.4
6417,3.7,31.2
6418,4.6,30.8
6419,1.9,36.5
6421,0.0,null
6422,0.0,null
6431,5.3,26.3
6432,2.1,29.0
6433,2.3,29.0
6436,1.1,35.2
6438,1.6,36.8
6439,0.5,37.3
6441,4.1,26.5
6442,1.1,29.6
6443,2.0,26.7
6444,2.9,33.0
6445,1.3,32.6
6446,2.2,31.8
6447,0.7,36.2
6451,2.1,31.1
6454,0.3,35.6
6456,0.4,36.2
6461,4.2,28.4
6462,3.5,26.5
6463,2.7,25.3
6464,2.0,30.9
6465,1.0,28.8
6466,3.8,27.2
6467,2.1,32.7
6468,0.1,33.3
6469,0.3,28.8
6471,2.8,29.9
6511,7.1,19.4
6512,3.7,20.5
6515,2.0,43.9
6521,4.2,25.4
6522,2.5,34.9
6523,4.0,32.7
6524,4.9,24.4
6525,5.0,25.8
6531,5.0,30.1
6532,3.2,28.4
6533,5.8,27.4
6534,1.7,21.8
6535,3.8,23.3
6536,1.7,35.6
6537,4.6,26.2
6538,4.7,26.3
6541,4.6,23.2
6542,3.6,24.7
6543,4.0,25.6
6544,2.8,24.5
6545,2.5,31.1
6546,3.9,31.6
6551,1.0,34.0
6561,2.4,31.5
6562,4.5,33.9
6564,0.3,57.9
6566,2.5,32.7
6571,0.9,35.0
6572,0.3,35.1
6573,1.7,35.0
6574,0.3,34.6
6575,0.0,null
6576,1.1,33.2
6577,0.1,null
6578,0.7,32.7
6579,0.2,37.0
6581,4.8,40.2
6582,0.6,38.1
6584,1.5,43.0
6585,1.4,38.2
6586,0.1,41.0
6587,0.4,39.0
6591,3.8,32.4
6595,0.9,36.7
6596,1.2,37.9
6598,0.8,35.4
6599,0.3,38.9
6601,4.7,31.8
6602,2.8,36.5
6603,1.7,36.2
6604,1.5,40.9
6605,4.6,36.2
6606,0.2,42.7
6611,1.1,38.6
6612,0.3,39.2
6613,0.3,41.5
6615,0.1,null
6616,0.3,38.6
6617,0.7,40.7
6621,1.4,36.6
6624,0.6,32.3
6626,0.7,36.8
6627,0.5,35.6
6628,0.2,41.2
6629,0.3,39.2
6631,0.6,39.4
6634,0.3,37.7
6641,5.5,34.5
6642,1.7,47.1
6644,1.5,35.9
6645,0.8,39.3
6651,3.9,33.5
6652,0.8,45.4
6653,0.8,32.7
6654,0.6,37.3
6655,0.5,39.3
6657,0.9,37.0
6658,2.6,34.6
6659,1.0,37.3
6661,5.0,35.9
6662,3.8,39.3
6663,3.1,36.4
6665,1.7,36.6
6666,2.0,37.6
6668,0.5,39.7
6669,1.7,37.5
6671,2.1,36.3
6672,0.1,null
6673,0.7,36.9
6674,1.2,37.8
6675,0.7,38.0
6676,0.0,null
6677,0.2,36.6
6678,1.0,35.1
6681,5.0,38.1
6684,0.0,null
6685,0.8,34.7
6686,1.1,35.0
6687,1.1,35.9
6691,2.9,33.8
6701,2.4,17.3
6702,1.5,24.2
6703,1.1,44.8
6704,0.3,34.9
6705,0.6,61.2
6706,2.6,26.7
6707,2.6,24.6
6708,6.0,29.6
6709,1.8,11.0
6711,4.8,33.1
6712,2.2,35.0
6713,4.7,30.4
6714,3.0,27.7
6715,3.0,34.6
6716,3.2,38.9
6717,6.8,29.5
6718,2.5,40.9
6721,6.3,39.8
6731,0.9,39.6
6732,1.1,40.7
6733,0.8,38.0
6741,4.8,38.7
6744,1.1,40.0
6745,0.2,37.6
6811,3.3,22.4
6812,1.3,32.2
6813,1.9,42.6
6814,3.2,39.5
6815,1.6,36.1
6816,0.7,43.1
6821,3.2,28.4
6822,3.7,23.0
6823,3.7,27.1
6824,4.5,35.1
6825,3.0,26.3
6826,4.3,22.4
6827,0.1,20.5
6828,7.3,21.6
6831,1.9,22.5
6832,2.2,23.7
6833,2.8,26.6
6834,1.5,23.3
6835,2.4,30.6
6836,5.0,35.2
6841,2.0,26.4
6842,0.8,34.4
6843,5.0,30.6
6844,2.0,29.3
6845,2.8,31.8
6846,3.1,41.1
6851,4.0,34.1
6852,3.8,36.6
6861,2.4,40.3
6862,2.5,43.7
6865,2.6,33.9
6866,1.7,36.5
6869,0.3,46.5
6871,4.0,34.4
6874,0.6,41.3
6877,0.0,null
6881,3.6,39.4
6882,3.2,25.0
6883,2.1,30.7
6891,0.6,56.5
6901,3.3,28.1
6902,0.5,38.4
6903,3.0,34.1
6904,3.3,31.6
6905,1.1,40.6
6909,0.8,31.7
6911,1.0,34.7
6913,0.3,37.2
6914,0.4,33.9
6915,1.4,29.1
6916,1.2,32.8
6917,0.3,30.6
6921,6.1,34.7
6922,3.2,38.1
6923,0.8,39.4
6924,0.4,40.4
6931,3.2,34.2
6932,3.3,32.9
6941,2.0,35.8
6942,4.9,34.2
6951,3.4,30.5
6952,2.0,32.9
6953,1.0,36.1
6955,0.5,41.7
6956,0.4,35.5
6957,0.4,38.8
6961,4.3,35.5
6964,0.3,42.1
6971,3.7,34.8
6974,0.3,39.0
6975,0.1,45.5
6981,2.3,30.1
6982,1.1,26.8
6983,1.7,36.8
6984,0.1,null
6986,0.5,38.6
6987,1.2,35.5
6988,0.7,36.4
6991,3.4,32.0
6994,0.5,40.2
6996,0.7,36.1
6997,0.2,41.7
6998,0.3,43.6
6999,0.7,37.7
7001,2.2,31.0
7002,3.5,26.5
7003,1.2,31.5
7004,1.6,36.8
7005,0.2,29.8
7006,4.3,35.1
7007,3.1,36.7
7008,0.3,38.0
7009,3.0,32.1
7011,2.3,33.1
7021,3.7,34.6
7025,0.9,35.5
7031,2.7,35.3
7035,0.6,37.5
7036,0.2,43.4
7037,0.9,36.4
7038,1.1,34.2
7039,0.5,38.1
7041,3.6,29.7
7044,0.1,38.8
7045,0.3,39.2
7046,0.0,null
7047,0.5,32.7
7048,0.1,null
7051,2.5,33.0
7054,0.5,34.7
7055,0.4,36.9
7061,2.0,30.1
7064,2.4,31.9
7065,0.4,38.5
7071,4.4,31.8
7075,0.8,35.5
7076,0.3,33.7
7077,0.2,37.3
7078,0.4,35.3
7081,1.9,32.2
7083,0.1,null
7084,0.4,36.6
7091,3.1,31.5
7095,0.4,36.2
7101,5.4,30.2
7102,1.7,30.1
7103,3.1,32.9
7104,0.5,41.5
7105,0.2,42.2
7106,0.1,37.8
7107,0.3,40.5
7108,0.4,36.4
7109,0.2,39.7
7113,0.1,41.2
7115,0.1,42.3
7119,0.1,43.3
7121,3.4,32.5
7122,3.1,34.8
7123,0.5,36.3
7126,0.6,32.1
7131,4.3,32.9
7132,1.0,41.7
7134,0.4,42.7
7135,0.5,39.2
7136,0.8,37.7
7137,0.5,39.9
7141,4.0,33.4
7142,0.2,43.0
7151,3.3,31.5
7152,1.4,38.5
7156,1.1,39.1
7157,0.5,40.9
7161,4.1,32.9
7165,0.4,39.7
7201,3.2,28.9
7202,0.2,20.4
7203,2.0,30.9
7204,4.9,26.3
7205,1.1,32.4
7206,3.1,30.9
7207,3.1,39.6
7211,1.8,36.6
7213,1.7,41.7
7214,0.8,45.8
7215,0.2,47.2
7216,0.1,40.7
7217,0.7,39.8
7218,0.5,39.2
7221,1.0,35.3
7223,0.4,39.9
7224,0.0,null
7225,0.1,37.9
7226,0.1,null
7227,0.3,39.8
7231,2.2,37.8
7232,1.4,37.5
7233,0.1,44.5
7234,0.3,37.0
7241,3.5,38.8
7242,2.4,32.3
7244,0.7,39.2
7245,1.6,39.9
7251,3.1,36.5
7255,2.8,35.8
7256,0.6,34.9
7261,3.3,36.1
7263,0.3,35.1
7271,3.3,33.2
7273,0.3,35.6
7274,0.5,41.0
7275,0.3,37.7
7311,5.4,28.1
7312,4.9,32.6
7313,0.9,62.5
7314,3.2,37.0
7315,2.2,35.8
7316,2.8,38.1
7317,0.1,31.3
7321,2.6,38.4
7322,4.2,32.3
7323,4.4,31.5
7324,0.1,38.3
7325,4.6,40.7
7326,4.1,34.8
7327,2.4,34.8
7328,3.3,31.3
7329,1.3,31.7
7331,5.6,28.3
7332,0.1,28.9
7333,3.0,29.1
7334,0.8,35.2
7335,2.8,32.2
7336,0.1,null
7339,2.5,41.1
7341,0.3,43.5
7345,0.9,41.0
7346,0.1,47.6
7348,0.0,null
7351,0.6,39.6
7352,0.0,null
7361,1.7,37.4
7364,0.5,42.0
7371,1.3,38.4
7381,0.6,39.8
7382,0.6,38.8
7383,1.0,36.9
7384,1.0,41.2
7391,5.2,35.9
7392,0.1,44.6
7395,0.3,35.9
7396,1.0,38.0
7397,0.3,40.1
7399,0.2,43.1
7411,4.4,29.2
7412,5.9,28.6
7413,3.4,27.3
7414,2.4,29.6
7415,4.9,26.6
7416,1.5,25.7
7417,1.9,24.1
7418,0.3,33.8
7419,1.0,36.0
7421,2.2,38.4
7422,1.1,32.5
7423,2.6,32.8
7424,1.4,40.5
7425,2.8,43.3
7426,0.0,null
7427,0.0,null
7428,0.1,null
7429,0.5,35.4
7431,1.9,43.3
7433,2.0,40.5
7434,0.5,38.2
7435,0.2,34.6
7437,2.3,39.6
7439,0.1,46.4
7441,2.0,37.4
7442,4.7,30.4
7443,3.5,36.4
7447,2.3,36.5
7448,0.8,38.1
7451,3.7,37.9
7461,3.5,34.8
7462,4.9,35.1
7463,1.5,41.5
7466,0.1,44.7
7467,0.1,48.6
7468,2.6,38.9
7471,5.2,33.3
7472,0.0,null
7475,2.8,38.9
7478,1.1,37.5
7481,4.6,32.8
7482,4.2,36.3
7483,1.0,45.5
7491,3.2,38.1
7495,0.7,44.6
7496,0.8,36.3
7497,0.6,41.2
7511,5.6,20.1
7512,3.4,25.6
7513,2.8,23.9
7514,2.4,25.8
7521,4.8,24.3
7522,4.0,23.1
7523,5.8,26.4
7524,1.1,40.1
7525,0.1,51.1
7531,3.8,32.4
7532,2.3,30.6
7533,2.1,25.7
7534,5.0,32.0
7535,1.6,36.6
7536,0.0,null
7541,1.5,28.3
7542,4.5,31.9
7543,3.4,25.7
7544,7.0,25.5
7545,7.5,25.9
7546,3.5,34.8
7547,0.3,32.9
7548,1.6,37.9
7551,2.2,28.4
7552,5.1,30.1
7553,4.9,28.4
7554,0.5,43.6
7555,4.3,32.5
7556,5.5,29.5
7557,4.9,27.5
7558,5.3,34.8
7559,3.6,43.7
7561,0.7,38.5
7562,0.1,null
7571,1.5,25.6
7572,2.5,30.0
7573,1.6,39.6
7574,1.7,28.1
7575,0.1,40.2
7576,2.6,32.4
7577,3.7,40.9
7581,3.2,31.9
7582,2.3,35.8
7585,0.2,35.6
7586,1.7,30.7
7587,1.4,39.6
7588,0.3,45.7
7591,3.9,35.0
7595,1.1,39.8
7596,0.8,40.9
7597,0.6,43.2
7601,3.1,26.5
7602,2.2,34.1
7603,2.5,31.1
7604,2.9,27.9
7605,1.4,23.4
7606,3.4,24.1
7607,4.5,29.5
7608,4.6,32.1
7609,5.3,37.4
7610,0.0,null
7611,0.6,38.9
7614,0.1,40.8
7615,0.6,38.2
7621,2.4,36.0
7622,3.7,32.5
7623,2.2,41.8
7625,0.5,39.5
7626,0.2,44.2
7627,0.7,41.2
7631,1.8,37.0
7634,0.2,46.8
7635,0.3,40.3
7636,0.2,51.8
7637,0.1,45.6
7638,0.1,null
7641,3.2,38.8
7642,2.7,36.7
7645,0.3,43.0
7651,2.3,35.7
7661,0.4,38.4
7662,0.1,null
7663,0.1,42.8
7664,0.2,35.6
7665,1.3,39.2
7666,0.3,43.8
7667,0.4,40.6
7668,0.1,null
7671,4.4,34.5
7672,0.8,38.1
7675,0.1,null
7676,1.8,30.3
7678,1.6,38.2
7679,0.5,37.0
7681,3.4,31.6
7683,2.2,36.0
7685,0.4,36.7
7686,0.2,39.7
7687,0.4,34.5
7688,0.5,38.1
7691,1.2,34.6
7692,0.3,36.3
7693,0.5,36.1
7694,0.6,33.4
7695,0.4,36.4
7696,0.1,42.5
7701,4.7,33.0
7702,0.3,36.7
7705,0.1,37.5
7707,1.5,36.0
7711,3.5,35.8
7715,0.3,40.6
7721,3.0,35.3
7722,2.6,41.0
7731,5.0,34.5
7734,0.1,40.9
7735,0.1,49.6
7736,0.1,null
7737,0.2,33.8
7738,0.2,39.2
7739,0.2,37.8
7741,4.3,28.4
7742,2.6,32.9
7751,1.7,38.4
7753,0.3,30.8
7754,0.1,41.7
7755,0.1,37.0
7756,0.1,null
7761,1.8,34.0
7764,0.2,30.8
7765,0.7,31.8
7766,0.5,35.6
7771,2.0,32.1
7772,4.5,32.3
7773,1.1,39.7
7775,0.8,34.9
7776,1.2,32.6
7777,0.3,38.5
7778,0.1,null
7779,0.0,null
7781,0.1,null
7782,0.8,31.6
7783,1.2,35.3
7784,0.2,39.6
7785,0.0,null
7786,0.1,null
7787,0.1,null
7788,0.1,null
7791,0.2,40.9
7792,0.0,null
7793,0.1,38.8
7794,0.1,null
7795,0.1,null
7796,0.1,37.3
7797,0.3,35.5
7798,0.1,38.1
7811,2.3,26.1
7812,4.8,28.9
7813,0.2,43.8
7814,0.6,37.5
7815,3.1,25.0
7821,0.0,null
7822,1.2,35.7
7823,3.9,26.7
7824,3.8,25.0
7825,0.2,35.1
7826,1.2,34.5
7827,3.9,36.7
7828,0.8,43.0
7831,1.5,29.6
7833,2.0,31.3
7841,1.0,36.1
7842,0.0,null
7843,0.4,31.2
7844,1.0,28.5
7845,0.1,37.4
7846,0.2,39.8
7847,0.1,null
7848,1.0,29.8
7849,0.2,33.7
7851,0.2,38.8
7852,0.1,null
7853,0.1,null
7854,0.8,32.7
7855,0.2,37.9
7856,0.1,null
7858,0.1,null
7859,0.0,null
7861,0.8,34.5
7863,0.3,37.0
7864,0.1,43.6
7871,0.3,35.4
7872,0.5,35.9
7873,0.8,35.6
7874,0.2,40.3
7875,0.7,35.5
7876,1.4,31.3
7877,0.0,null
7881,3.3,30.7
7884,0.7,30.8
7885,0.8,32.7
7887,2.0,34.4
7889,0.1,null
7891,5.1,30.2
7892,0.0,null
7894,1.3,30.6
7895,0.3,32.5
7901,1.4,28.4
7902,2.3,25.0
7903,0.1,34.5
7904,2.1,28.8
7905,1.9,28.4
7906,3.1,26.2
7907,1.0,29.4
7908,4.3,37.8
7909,1.1,33.2
7910,0.0,null
7911,0.1,null
7912,0.2,36.5
7913,1.9,32.3
7914,0.7,34.3
7915,0.0,null
7916,1.0,31.6
7917,0.5,32.8
7918,0.5,33.2
7921,2.7,36.9
7924,0.4,38.6
7925,0.2,41.7
7926,0.3,35.9
7927,0.3,37.9
7928,0.0,null
7929,0.0,null
7931,0.3,39.5
7932,0.1,36.5
7933,0.7,34.5
7934,0.2,36.4
7935,0.0,null
7936,0.3,34.0
7937,0.0,null
7938,0.4,31.7
7941,3.2,29.9
7942,2.4,25.5
7943,3.4,37.8
7944,3.8,34.1
7946,0.7,34.9
7948,1.5,36.8
7949,0.0,null
7951,3.5,37.6
7954,1.1,40.6
7955,0.5,36.4
7957,1.2,36.2
7958,1.0,36.9
7961,1.5,35.8
7963,1.6,34.4
7964,0.1,39.8
7965,0.0,null
7966,0.0,null
7971,1.6,35.6
7973,0.3,35.5
7974,0.1,null
7975,0.6,36.9
7981,1.1,33.8
7983,0.3,37.0
7984,0.1,null
7985,0.0,null
7986,0.1,35.7
7991,1.7,36.1
8011,4.2,26.2
8012,3.8,25.9
8013,1.2,27.7
8014,5.3,33.4
8015,1.3,39.8
8016,3.3,38.7
8017,2.9,38.9
8019,0.9,42.0
8021,2.8,24.1
8022,2.9,22.6
8023,2.9,32.6
8024,1.7,39.7
8025,0.3,45.8
8026,0.4,39.0
8028,0.1,null
8031,4.9,24.9
8032,4.6,30.7
8033,1.4,34.4
8034,0.3,61.3
8035,0.1,52.9
8041,0.2,34.2
8042,2.1,35.1
8043,7.8,38.7
8044,0.3,32.6
8045,0.0,null
8051,4.2,37.7
8052,0.6,37.4
8055,0.2,46.0
8061,2.7,35.5
8064,2.0,33.3
8066,0.2,38.5
8071,4.7,34.8
8072,3.1,35.5
8075,1.5,38.8
8076,0.3,43.5
8077,0.7,40.2
8079,0.1,null
8081,4.7,34.5
8082,0.1,null
8084,2.6,35.6
8085,1.4,36.7
8091,4.6,35.1
8094,0.5,38.1
8095,0.5,35.2
8096,2.2,34.4
8097,0.7,38.9
8101,2.6,32.9
8102,3.2,32.2
8103,2.2,39.2
8105,0.8,39.4
8106,0.6,40.7
8107,0.4,39.8
8111,1.4,38.0
8112,0.4,36.4
8121,3.3,34.8
8124,0.4,37.4
8131,3.2,36.8
8141,2.8,35.8
8144,0.2,43.2
8146,0.1,36.9
8147,0.1,null
8148,0.5,37.6
8151,0.7,35.2
8152,1.0,36.5
8153,0.1,null
8154,0.0,null
8161,2.8,36.2
8162,3.8,37.2
8166,1.2,38.1
8167,0.6,38.8
8171,3.1,35.4
8172,2.0,31.0
8181,4.8,36.1
8191,2.4,35.9
8193,0.1,null
8194,0.3,38.3
8196,0.2,42.6
8198,0.0,null
8211,0.1,43.4
8212,1.9,36.1
8218,0.1,null
8219,0.8,52.9
8221,0.0,null
8222,0.1,null
8223,2.2,25.6
8224,3.1,27.4
8225,3.7,28.4
8226,3.9,32.3
8231,2.2,29.4
8232,3.3,26.9
8233,0.4,20.0
8239,0.0,null
8241,0.5,60.8
8242,2.6,35.2
8243,4.0,32.1
8244,1.8,37.4
8245,1.9,43.0
8251,5.6,30.7
8252,2.4,39.6
8253,3.0,39.1
8254,0.4,25.0
8255,2.6,35.8
8256,2.6,34.1
8261,2.9,26.2
8262,2.7,28.0
8263,0.3,36.3
8264,0.9,34.3
8265,5.6,32.3
8266,2.2,37.8
8267,0.2,45.8
8271,4.2,36.2
8274,0.3,35.6
8275,0.2,39.2
8276,0.3,40.1
8277,0.3,37.8
8278,0.3,41.0
8281,3.4,37.9
8291,0.0,null
8293,0.0,null
8294,0.1,null
8301,1.1,25.2
8302,3.9,37.1
8303,4.1,29.7
8304,1.6,30.9
8305,0.1,46.8
8307,1.2,35.2
8308,0.8,35.4
8309,0.8,39.5
8311,0.5,37.8
8312,0.6,38.6
8313,0.7,36.0
8314,0.5,38.1
8315,0.6,30.8
8316,1.5,35.4
8317,0.6,37.3
8319,0.0,null
8321,4.2,37.7
8322,1.6,37.0
8325,1.7,33.3
8326,0.9,37.2
8331,5.2,26.9
8332,2.3,36.2
8333,0.2,29.8
8334,0.8,38.3
8335,0.1,null
8336,0.0,null
8337,0.1,null
8338,0.3,32.6
8339,0.1,null
8341,0.9,31.9
8342,0.1,40.1
8343,0.2,33.8
8344,0.1,33.2
8345,0.1,42.2
8346,0.1,27.7
8347,0.2,37.9
8351,0.3,35.8
8355,1.1,37.4
8356,0.6,34.5
8361,0.0,null
8362,0.0,null
8363,0.1,null
8371,0.2,31.3
8372,0.0,null
8373,0.1,40.4
8374,0.4,32.0
8375,1.1,32.5
8376,0.2,33.5
8377,0.1,36.1
8378,0.2,37.3
8381,0.9,33.0
8382,0.1,32.6
8383,0.2,34.8
8384,0.4,29.1
8385,0.2,34.5
8386,0.0,null
8387,0.0,null
8388,0.2,34.4
8389,0.1,29.5
8391,1.7,29.4
8392,0.4,36.3
8393,0.1,null
8394,0.2,39.5
8395,0.4,34.5
8396,0.0,null
8397,0.3,33.2
8398,0.2,38.9
8401,3.3,29.8
8403,0.1,40.0
8404,0.4,36.8
8405,0.2,36.8
8406,0.6,34.4
8407,0.4,36.0
8408,0.5,33.9
8409,0.3,35.2
8411,1.4,31.2
8412,0.3,36.9
8413,0.3,38.5
8414,0.6,31.6
8415,0.2,39.1
8421,0.7,32.9
8422,0.1,34.8
8423,0.4,35.3
8424,0.2,36.8
8425,0.1,41.0
8426,2.0,31.6
8427,0.2,36.0
8428,0.2,35.4
8431,4.4,29.5
8432,0.2,37.8
8433,1.3,30.3
8434,0.3,34.9
8435,0.8,33.9
8437,0.1,32.0
8438,0.1,null
8439,0.0,null
8441,2.2,29.6
8442,3.0,23.4
8443,1.4,29.4
8444,0.1,23.5
8445,0.6,56.4
8446,3.4,29.7
8447,1.5,32.5
8448,1.5,42.1
8449,0.1,38.6
8451,0.6,29.4
8452,0.0,null
8453,0.4,46.9
8454,0.3,40.0
8455,0.2,39.3
8456,0.5,40.5
8457,0.1,43.7
8458,0.3,37.4
8459,0.2,37.0
8461,0.3,36.9
8462,0.1,null
8463,0.2,34.9
8464,0.5,34.4
8465,0.8,37.7
8466,0.0,null
8467,0.1,36.0
8468,0.2,34.8
8469,0.1,null
8471,5.1,28.5
8472,0.4,36.0
8474,0.4,37.9
8475,0.2,41.4
8476,0.1,41.4
8477,0.1,null
8478,0.1,null
8479,0.1,null
8481,0.1,null
8482,0.1,null
8483,0.2,35.1
8484,0.1,40.7
8485,0.2,33.6
8486,0.1,null
8487,0.1,null
8488,0.1,null
8489,0.0,null
8491,1.5,32.6
8493,0.4,32.8
8494,0.4,49.5
8495,0.6,32.1
8497,0.0,null
8501,4.4,30.7
8502,1.2,42.3
8503,0.0,null
8505,0.0,null
8506,0.2,36.8
8507,0.1,null
8508,0.2,37.5
8511,0.1,42.6
8512,0.1,null
8513,0.1,32.5
8514,0.0,null
8515,0.0,null
8516,0.0,null
8517,0.3,35.7
8521,1.3,32.9
8522,0.1,42.4
8523,0.2,32.7
8524,0.0,null
8525,0.4,34.2
8526,0.1,null
8527,0.0,null
8528,0.0,null
8529,0.0,null
8531,3.6,30.0
8532,0.8,46.4
8534,0.0,null
8535,0.1,null
8536,0.3,33.8
8537,0.1,null
8538,0.2,35.4
8539,0.4,33.7
8541,0.0,null
8542,0.1,null
8551,0.6,33.8
8552,0.0,null
8553,0.1,null
8554,0.0,null
8556,0.3,34.2
8561,1.7,30.7
8563,0.3,35.6
8564,0.0,null
8565,0.2,38.4
8566,0.2,36.6
8567,0.6,32.9
8571,0.2,40.6
8572,0.1,null
8573,0.0,null
8574,0.5,31.0
8581,0.1,38.2
8582,0.1,38.0
8583,0.0,null
8584,0.2,33.2
8601,1.6,31.4
8602,2.0,27.9
8603,1.9,34.0
8604,2.0,38.2
8605,1.2,25.5
8606,1.4,25.5
8607,2.5,33.8
8608,2.1,26.8
8611,0.1,36.1
8612,0.0,null
8613,0.0,null
8614,0.3,36.4
8615,0.2,34.1
8616,0.0,null
8617,0.1,null
8618,0.2,35.2
8621,0.9,34.2
8622,0.2,33.2
8623,0.1,32.9
8624,0.2,36.5
8625,0.5,34.3
8626,0.1,null
8627,0.1,35.0
8628,0.1,null
8629,0.7,36.7
8631,0.0,null
8632,0.1,null
8633,0.3,37.9
8635,0.2,37.1
8636,0.0,null
8637,0.1,38.3
8641,0.0,null
8642,0.0,null
8644,0.1,null
8647,0.1,36.0
8651,1.3,36.2
8658,0.0,null
8701,3.7,28.3
8702,0.8,40.9
8711,1.9,32.0
8713,0.4,31.2
8715,0.4,31.4
8721,0.3,32.7
8722,0.1,35.1
8723,1.2,30.9
8724,0.1,48.5
8731,0.9,33.3
8732,0.1,null
8733,0.0,null
8734,0.4,35.2
8735,0.1,null
8736,0.1,null
8737,0.0,null
8741,0.0,null
8742,0.1,34.9
8743,0.0,null
8744,0.1,null
8745,0.0,null
8746,0.1,null
8747,0.1,36.7
8748,0.8,31.7
8749,0.3,32.5
8751,0.1,null
8752,0.0,null
8753,0.0,null
8754,1.5,31.2
8755,0.0,null
8756,0.0,null
8757,0.1,null
8758,0.0,null
8759,0.2,33.3
8761,0.1,null
8762,0.0,null
8763,0.2,35.4
8764,0.0,null
8765,0.2,40.3
8766,0.0,null
8771,0.4,36.2
8772,0.0,null
8773,0.1,40.0
8774,0.0,null
8775,0.0,null
8801,3.1,28.6
8802,2.6,32.6
8804,0.5,32.2
8805,0.1,null
8806,0.3,29.1
8807,0.1,32.2
8808,0.2,28.6
8809,0.0,null
8811,0.2,33.2
8812,0.1,34.5
8813,0.1,null
8814,0.0,null
8816,0.0,null
8821,0.3,31.0
8822,0.4,35.3
8823,0.1,35.6
8831,0.5,32.2
8832,0.0,null
8833,0.0,null
8834,0.1,null
8835,0.2,34.8
8841,0.0,null
8842,0.2,33.2
8843,0.1,35.0
8844,0.0,null
8845,0.0,null
8851,0.6,30.3
8852,0.0,null
8853,0.0,null
8854,0.2,29.6
8855,0.7,30.8
8856,0.1,null
8857,0.2,32.4
8861,3.2,28.8
8862,3.5,29.7
8871,0.0,null
8872,0.3,34.0
8881,1.4,25.9
8882,0.0,null
8883,0.0,null
8884,0.1,null
8885,0.0,null
8891,0.5,32.9
8892,0.0,null
8893,0.1,null
8894,0.1,null
8895,0.1,null
8896,0.2,34.7
8897,0.1,null
8899,0.6,30.4
8911,3.4,18.8
8912,0.0,null
8913,1.8,30.1
8914,0.3,34.1
8915,2.6,27.3
8916,1.8,28.6
8917,1.3,33.2
8918,3.3,21.3
8919,0.4,32.4
8921,5.3,21.9
8922,1.9,20.0
8923,1.8,21.9
8924,2.1,18.6
8925,2.4,36.0
8926,2.4,29.8
8927,0.1,56.3
8931,2.3,23.5
8932,3.8,25.4
8933,2.3,22.5
8934,0.9,30.4
8935,3.0,31.3
8936,0.2,22.3
8937,0.5,17.5
8938,0.0,null
8939,2.0,47.5
8941,0.3,41.4
9001,2.7,32.9
9003,0.4,32.2
9004,0.0,null
9005,0.7,34.0
9006,0.0,null
9007,0.0,null
9008,0.5,35.5
9009,0.0,null
9011,0.6,32.8
9012,0.3,34.0
9013,0.1,null
9014,0.1,34.7
9021,0.1,31.0
9022,0.5,39.7
9023,0.1,36.9
9024,0.2,34.2
9025,0.1,null
9026,0.1,null
9027,0.1,37.4
9031,0.2,34.3
9032,0.0,null
9033,0.4,37.3
9034,0.5,29.8
9035,1.4,36.1
9036,1.1,34.2
9037,0.0,null
9038,0.2,35.3
9041,1.1,31.9
9043,0.1,null
9044,0.3,33.0
9045,0.4,33.4
9047,0.8,31.2
9051,3.1,34.9
9053,0.1,null
9054,0.2,29.4
9055,0.4,35.4
9056,0.2,32.4
9057,0.1,35.1
9061,1.0,34.9
9062,0.8,31.9
9063,0.3,37.4
9064,0.3,35.5
9067,0.1,null
9071,0.1,31.4
9072,0.1,30.9
9073,0.6,30.6
9074,1.1,32.5
9075,0.1,30.9
9076,1.9,30.4
9077,0.3,30.8
9078,0.4,30.9
9079,0.8,30.0
9081,0.2,33.2
9082,0.0,null
9083,0.1,34.2
9084,1.1,42.6
9085,0.0,null
9086,0.1,null
9087,0.0,null
9088,0.5,35.5
9089,0.3,33.8
9091,0.1,null
9101,4.1,27.6
9102,0.4,36.4
9103,1.0,37.6
9104,2.3,31.4
9105,0.4,32.0
9106,0.0,null
9107,0.0,null
9108,0.5,31.0
9109,0.1,null
9111,0.2,30.6
9112,0.3,35.7
9113,0.4,34.5
9114,0.3,30.8
9121,0.0,null
9122,0.0,null
9123,0.3,32.0
9124,0.0,null
9125,0.1,null
9131,0.4,30.2
9132,0.2,30.6
9133,0.5,31.6
9134,0.2,27.9
9135,0.1,null
9136,0.1,31.7
9137,0.4,33.2
9138,0.2,33.4
9141,0.2,29.4
9142,0.1,29.1
9143,0.2,27.8
9144,0.1,null
9145,0.5,31.4
9146,0.0,null
9147,0.2,33.1
9148,0.0,null
9151,0.7,29.0
9152,0.0,null
9153,0.1,null
9154,0.0,null
9155,0.1,null
9156,0.0,null
9161,0.5,30.8
9162,0.2,32.7
9163,0.6,31.3
9164,0.3,31.0
9166,0.5,30.2
9171,0.3,29.0
9172,0.7,29.3
9173,0.0,null
9174,0.0,null
9175,0.1,null
9176,0.0,null
9177,0.0,null
9178,0.1,null
9201,4.0,25.2
9202,3.8,26.3
9203,4.6,28.4
9204,3.2,36.6
9205,2.1,33.1
9206,0.0,null
9207,2.3,36.5
9211,0.1,null
9212,0.7,34.5
9213,0.3,60.9
9214,0.0,null
9215,0.1,null
9216,0.7,34.5
9217,0.2,40.6
9218,0.7,35.8
9219,0.1,34.9
9221,0.6,34.2
9222,0.4,34.2
9223,0.4,31.9
9231,2.6,29.4
9233,0.5,30.6
9241,0.8,33.4
9243,0.8,35.2
9244,1.5,37.3
9245,0.7,34.4
9246,0.0,null
9247,1.9,33.4
9248,0.3,39.8
9249,0.4,35.5
9251,4.1,32.0
9254,2.1,33.6
9255,0.6,36.7
9256,0.3,34.9
9257,0.9,33.1
9258,0.4,33.5
9261,0.6,35.5
9262,0.6,31.7
9263,0.7,36.2
9264,0.2,33.1
9265,0.2,40.9
9269,1.5,33.5
9271,2.1,28.7
9281,1.7,29.4
9283,0.5,33.0
9284,0.5,31.8
9285,2.4,31.9
9286,0.4,30.3
9287,0.7,28.8
9288,1.0,29.6
9289,0.7,31.4
9291,2.3,30.8
9292,0.0,null
9293,0.2,34.2
9294,0.3,34.5
9295,0.2,34.4
9296,0.1,34.8
9297,0.0,null
9298,1.2,29.5
9299,0.2,31.6
9301,5.3,31.3
9302,1.3,40.2
9304,0.1,43.3
9305,0.1,32.6
9306,0.0,null
9307,0.1,32.7
9311,0.6,34.5
9312,0.5,37.8
9313,0.1,null
9314,0.1,null
9315,0.1,40.0
9321,2.2,37.9
9331,1.7,33.0
9333,0.1,null
9334,0.0,null
9335,0.1,null
9336,0.0,null
9337,0.1,null
9341,0.4,35.0
9342,0.4,36.9
9343,0.1,null
9351,4.6,32.1
9354,1.1,35.1
9355,0.2,43.7
9356,1.9,33.5
9359,0.0,null
9361,0.1,36.3
9362,0.1,36.5
9363,2.3,34.0
9364,0.3,36.4
9365,0.3,42.6
9366,0.1,null
9367,0.7,31.9
9401,3.2,29.9
9402,4.4,26.6
9403,5.7,38.8
9404,2.8,27.1
9405,2.5,36.9
9406,4.8,26.5
9407,2.9,31.0
9408,3.0,40.7
9409,0.1,44.3
9411,3.8,31.6
9412,0.5,41.3
9413,0.5,42.8
9414,0.6,35.1
9415,0.3,39.8
9416,0.1,null
9417,0.1,35.6
9418,0.4,37.6
9419,0.2,35.0
9421,1.4,34.4
9422,2.1,32.9
9423,0.6,32.5
9431,2.1,35.2
9432,0.0,null
9433,0.2,40.0
9434,0.0,null
9435,0.0,null
9436,0.1,39.5
9437,0.0,null
9438,0.0,null
9439,0.2,37.4
9441,0.1,null
9442,0.2,41.2
9443,0.1,29.7
9444,0.3,39.8
9445,0.0,null
9446,0.0,null
9447,0.0,null
9448,0.0,null
9449,0.1,null
9451,1.7,36.2
9452,0.0,null
9453,0.0,null
9454,0.1,42.4
9455,0.0,null
9456,0.0,null
9457,0.0,null
9458,0.1,null
9459,0.0,null
9461,2.2,35.4
9462,0.8,32.9
9463,0.6,34.4
9464,0.1,null
9465,0.1,42.1
9466,0.2,43.1
9467,0.2,36.6
9468,1.5,38.5
9469,0.3,42.3
9471,2.6,34.7
9472,1.5,39.5
9473,0.2,39.6
9474,0.1,46.2
9475,0.2,45.3
9479,0.3,42.2
9481,1.8,37.3
9482,0.7,37.0
9483,0.2,41.6
9484,0.0,null
9485,0.0,null
9486,0.0,null
9487,0.0,null
9488,0.0,null
9489,0.0,null
9491,0.3,40.9
9492,0.1,null
9493,0.1,null
9494,0.4,34.9
9495,0.0,null
9496,0.1,null
9497,0.2,43.9
9501,4.7,26.5
9502,2.5,31.5
9503,1.8,29.1
9511,0.4,35.0
9512,0.1,31.8
9514,0.8,30.7
9515,0.3,34.2
9521,2.1,30.3
9523,0.2,34.0
9524,0.2,36.0
9525,0.1,37.3
9526,0.0,null
9527,0.0,null
9528,0.3,38.7
9531,2.2,32.5
9533,0.2,38.1
9534,0.1,null
9535,0.0,null
9536,0.1,38.0
9537,0.1,null
9541,1.5,30.7
9545,0.3,30.2
9551,1.0,32.3
9561,3.7,29.1
9563,0.4,31.1
9564,0.0,null
9566,0.3,30.3
9571,1.0,30.8
9573,0.1,38.2
9574,0.0,null
9581,3.2,28.0
9584,0.5,35.2
9585,0.1,36.8
9591,1.2,32.0
9601,3.6,26.2
9602,5.4,25.7
9603,1.2,38.0
9605,0.4,36.4
9606,0.7,47.6
9607,0.5,26.7
9608,0.4,33.6
9609,0.0,null
9611,3.2,30.7
9613,0.1,null
9615,0.6,32.6
9616,0.2,41.5
9617,1.3,38.2
9618,0.0,null
9619,0.4,35.6
9621,1.0,32.3
9623,0.1,null
9624,0.0,null
9625,0.2,34.8
9626,0.7,35.0
9627,0.2,38.4
9628,1.4,32.0
9629,0.1,null
9631,0.2,38.5
9632,0.0,null
9633,0.0,null
9635,0.8,32.5
9636,1.6,33.4
9641,2.7,26.7
9642,3.3,29.9
9644,0.7,34.2
9645,1.9,25.9
9646,1.0,37.6
9648,2.3,34.6
9649,2.1,29.2
9651,0.7,33.8
9654,0.2,36.1
9655,0.1,null
9656,0.1,null
9657,0.0,null
9658,0.2,40.4
9659,0.1,30.0
9661,0.5,33.7
9663,2.0,30.3
9665,3.5,27.7
9671,2.3,25.0
9672,0.2,33.0
9673,1.5,24.6
9674,1.4,28.9
9675,3.2,29.5
9677,0.6,31.0
9678,0.6,35.0
9679,2.2,31.6
9681,0.9,30.8
9682,0.7,30.3
9684,1.0,29.3
9685,0.2,51.3
9686,0.9,27.4
9687,0.1,35.4
9688,0.2,29.7
9691,0.0,null
9693,0.7,24.8
9695,1.4,30.3
9696,0.1,null
9697,1.2,32.3
9698,0.5,34.6
9699,0.5,30.6
9711,6.6,16.0
9712,6.9,16.0
9713,8.0,19.5
9714,3.9,16.9
9715,5.5,16.7
9716,2.2,19.0
9717,4.0,23.3
9718,6.5,18.6
9721,5.9,29.2
9722,4.2,32.8
9723,2.0,35.6
9724,3.4,19.5
9725,4.2,20.3
9726,3.2,15.2
9727,3.0,25.8
9728,5.6,31.4
9731,3.2,37.5
9732,2.5,27.9
9733,1.7,25.3
9734,1.2,38.5
9735,0.1,null
9736,3.1,24.5
9737,3.1,26.3
9738,0.2,35.3
9741,4.3,19.9
9742,5.1,22.3
9743,5.9,20.8
9744,2.6,29.9
9745,1.5,31.8
9746,2.2,44.7
9747,0.0,null
9749,0.0,null
9751,2.7,40.2
9752,2.6,41.5
9753,2.1,36.3
9755,0.3,46.9
9756,0.6,49.0
9761,3.0,35.3
9765,1.6,39.9
9766,0.6,60.6
9771,0.5,34.0
9773,0.0,null
9774,0.3,38.6
9781,3.5,33.9
9784,0.1,40.6
9785,0.5,36.4
9791,1.8,34.0
9792,0.3,33.8
9793,0.0,null
9794,0.0,null
9795,0.2,32.3
9796,0.1,null
9797,0.2,41.4
9798,0.2,38.0
9801,2.8,37.9
9804,0.6,36.3
9805,0.2,45.5
9811,0.1,34.4
9812,0.0,null
9821,0.5,36.5
9822,0.6,33.0
9824,0.2,36.2
9825,0.1,null
9827,0.1,null
9828,0.3,32.6
9831,0.9,34.8
9832,0.2,39.7
9833,0.1,39.4
9841,0.0,null
9842,0.2,29.8
9843,1.2,33.6
9844,0.1,null
9845,0.1,33.9
9851,0.3,32.8
9852,0.1,null
9853,0.2,28.0
9861,1.4,30.3
9862,0.3,33.7
9863,0.4,34.1
9864,0.3,32.9
9865,0.9,33.7
9866,0.4,34.3
9871,0.1,null
9872,0.1,null
9873,0.3,30.6
9881,0.1,34.6
9882,0.1,null
9883,0.6,33.0
9884,0.1,41.0
9885,0.1,null
9886,0.0,null
9891,0.4,31.9
9892,0.1,35.9
9893,0.2,30.0
9901,2.0,29.4
9902,2.6,28.1
9903,0.8,38.3
9904,0.1,null
9905,0.5,35.5
9906,0.3,33.4
9907,0.1,null
9908,0.1,31.8
9909,0.6,32.3
9911,0.1,null
9912,0.1,34.8
9913,0.1,null
9914,0.2,34.3
9915,0.4,30.3
9917,0.2,35.0
9918,0.3,33.9
9919,1.1,32.3
9921,0.4,31.9
9922,0.2,38.5
9923,0.1,null
9924,0.0,null
9925,0.0,null
9931,0.9,27.1
9932,1.8,32.6
9933,2.0,25.3
9934,2.5,30.4
9936,0.8,27.8
9937,0.3,39.7
9939,0.1,35.1
9942,0.1,null
9943,0.2,31.8
9944,0.6,31.2
9945,0.8,33.6
9946,0.4,31.3
9947,0.2,35.1
9948,0.1,30.2
9949,0.1,null
9951,3.1,34.2
9953,0.8,30.7
9954,0.0,null
9955,0.1,null
9956,0.2,31.9
9957,0.0,null
9959,0.3,33.7
9961,0.1,null
9962,0.0,null
9963,0.1,29.8
9964,0.4,29.8
9965,0.8,30.5
9966,0.1,null
9967,0.7,31.4
9968,0.2,29.6
9969,0.1,33.3
9971,0.6,29.5
9972,0.0,null
9973,0.1,34.6
9974,0.6,30.6
9975,0.1,null
9976,0.1,null
9977,0.6,31.9
9978,0.1,null
9979,0.0,null
9981,2.6,28.1
9982,1.3,32.2
9983,0.5,32.1
9984,0.1,36.8
9985,0.0,null
9986,0.0,null
9987,0.1,30.1
9988,0.6,32.2
9989,1.0,30.9
9991,1.0,31.0
9992,0.1,null
9993,0.1,null
9994,0.0,null
9995,0.3,31.0
9996,0.0,null
9997,0.3,30.4
9998,0.1,null
9999,0.0,null

